Time [s],Channel 0
259.301023500,0
259.301056000,1
259.301087500,0
259.301096500,1
259.301113000,0
259.301138000,1
259.301146500,0
259.301163500,1
259.301172000,0
259.301181000,1
259.301189500,0
259.301198500,1
259.301207000,0
259.301224000,1
259.301240500,0
259.301265500,1
259.301274000,0
259.301283000,1
259.301291500,0
259.301300500,1
259.301309000,0
259.301350000,1
259.301374500,0
259.301383500,1
259.301392000,0
259.301401000,1
259.301409500,0
259.301434500,1
259.301443000,0
259.301476000,1
259.301500500,0
259.301509500,1
259.301518000,0
259.301535000,1
259.301543500,0
259.301560500,1
259.301577000,0
259.301586000,1
259.301602500,0
259.301619500,1
259.301628000,0
259.301637000,1
259.301645500,0
259.301662500,1
259.301679000,0
259.301688000,1
259.301720500,0
259.301729500,1
259.301738000,0
259.301755000,1
259.301763500,0
259.301772500,1
259.301797000,0
259.301806000,1
259.301814500,0
259.301823500,1
259.301856000,0
259.301881000,1
259.301897500,0
259.301906500,1
259.301915000,0
259.301924000,1
259.301940500,0
259.301981500,1
259.301990000,0
259.301999000,1
259.302007500,0
259.302032500,1
259.316105750,0
259.316138250,1
259.316169750,0
259.316178750,1
259.316211250,0
259.316220250,1
259.316228750,0
259.316245750,1
259.316254250,0
259.316263250,1
259.316271750,0
259.316280750,1
259.316289250,0
259.316306250,1
259.316322750,0
259.316347750,1
259.316356250,0
259.316365250,1
259.316373750,0
259.316382750,1
259.316391250,0
259.316408250,1
259.316424750,0
259.316433750,1
259.316442250,0
259.316451250,1
259.316459750,0
259.316476750,1
259.316485250,0
259.316494250,1
259.316510750,0
259.316519750,1
259.316528250,0
259.316545250,1
259.316561750,0
259.316586750,1
259.316603250,0
259.316628250,1
259.316644750,0
259.316669750,1
259.316678250,0
259.316687250,1
259.316695750,0
259.316704750,1
259.316713250,0
259.316730250,1
259.316738750,0
259.316747750,1
259.316756250,0
259.316773250,1
259.316781750,0
259.316790750,1
259.316799250,0
259.316816250,1
259.316848750,0
259.316857750,1
259.316866250,0
259.316875250,1
259.316883750,0
259.316900750,1
259.316909250,0
259.316918250,1
259.316934750,0
259.316943750,1
259.316952250,0
259.316961250,1
259.316969750,0
259.316978750,1
259.316987250,0
259.317004250,1
259.317012750,0
259.317021750,1
259.317030250,0
259.317047250,1
259.317055750,0
259.317064750,1
259.317073250,0
259.317098250,1
259.317106750,0
259.317115750,1
259.317124250,0
259.317141250,1
259.317157750,0
259.317182750,1
259.317191250,0
259.317200250,1
259.317208750,0
259.317217750,1
259.317226250,0
259.317235250,1
259.317243750,0
259.317260750,1
259.317285250,0
259.317310250,1
259.317326750,0
259.317367750,1
259.317376250,0
259.317393250,1
259.317410000,0
259.317450750,1
259.317459500,0
259.317476250,1
259.317493000,0
259.317509750,1
259.317518500,0
259.317527250,1
259.317536000,0
259.317560750,1
259.317577500,0
259.317594250,1
259.317603000,0
259.317619750,1
259.317628500,0
259.317645250,1
259.317662000,0
259.317678750,1
259.317687500,0
259.317696250,1
259.317705000,0
259.317729750,1
259.317746500,0
259.317787250,1
259.317796000,0
259.317804750,1
259.317813500,0
259.317830250,1
259.317863000,0
259.317871750,1
259.317912500,0
259.317921250,1
259.317930000,0
259.317962750,1
259.331818750,0
259.331850750,1
259.331882500,0
259.331891250,1
259.331899500,0
259.331908000,1
259.331916250,0
259.331933000,1
259.331957250,0
259.331965750,1
259.331974000,0
259.331990750,1
259.331999000,0
259.332015500,1
259.332055750,0
259.332080250,1
259.332096500,0
259.332105250,1
259.332113500,0
259.332130000,1
259.332138250,0
259.332163000,1
259.332171250,0
259.332179750,1
259.332196000,0
259.332204750,1
259.332213000,0
259.332229500,1
259.351263000,0
259.351295500,1
259.351327000,0
259.351336000,1
259.351352500,0
259.351377500,1
259.351386000,0
259.351403000,1
259.351411500,0
259.351420500,1
259.351429000,0
259.351438000,1
259.351446500,0
259.351463500,1
259.351480000,0
259.351505000,1
259.351513500,0
259.351522500,1
259.351531000,0
259.351540000,1
259.351548500,0
259.351581500,1
259.351590000,0
259.351607000,1
259.351623500,0
259.351632500,1
259.351641000,0
259.351650000,1
259.351666500,0
259.351675500,1
259.351684000,0
259.351717000,1
259.351741500,0
259.351750500,1
259.351759000,0
259.351776000,1
259.351792500,0
259.351801500,1
259.351810000,0
259.351835000,1
259.351843500,0
259.351860500,1
259.351869000,0
259.351878000,1
259.351886500,0
259.351903500,1
259.351920000,0
259.351929000,1
259.351961500,0
259.351970500,1
259.351987000,0
259.351996000,1
259.352004500,0
259.352013500,1
259.352038000,0
259.352047000,1
259.352055500,0
259.352064500,1
259.352097000,0
259.352114000,1
259.352122500,0
259.352131500,1
259.352140000,0
259.352157000,1
259.352165500,0
259.352182500,1
259.352191000,0
259.352200000,1
259.352216500,0
259.352225500,1
259.352250000,0
259.352275000,1
259.371252500,0
259.371285000,1
259.371316500,0
259.371325500,1
259.371334000,0
259.371343000,1
259.371351500,0
259.371368500,1
259.371409000,0
259.371418000,1
259.371434500,0
259.371451500,1
259.371476000,0
259.371493000,1
259.371517500,0
259.371534500,1
259.371543000,0
259.371576000,1
259.371584500,0
259.371617500,1
259.371626000,0
259.371659000,1
259.371667500,0
259.371700500,1
259.371709000,0
259.371734000,1
259.371742500,0
259.371767500,1
259.371776000,0
259.371785000,1
259.371801500,0
259.371810500,1
259.371819000,0
259.371828000,1
259.371836500,0
259.371853500,1
259.371870000,0
259.371911000,1
259.371927500,0
259.371952500,1
259.371961000,0
259.371994000,1
259.372034500,0
259.372043500,1
259.372076000,0
259.372109000,1
259.372117500,0
259.372150500,1
259.372159000,0
259.372168000,1
259.372200500,0
259.372209500,1
259.372242000,0
259.372283000,1
259.372291500,0
259.372324500,1
259.372333000,0
259.372366000,1
259.372374500,0
259.372407500,1
259.372424000,0
259.372433000,1
259.372449500,0
259.372482500,1
259.372491000,0
259.372508000,1
259.372516500,0
259.372533500,1
259.372566000,0
259.372583000,1
259.372591750,0
259.372600250,1
259.395312750,0
259.395345000,1
259.395376750,0
259.395385500,1
259.395393750,0
259.395402500,1
259.395410750,0
259.395427500,1
259.395435750,0
259.395444500,1
259.395460750,0
259.395469500,1
259.395477750,0
259.395486500,1
259.395494750,0
259.395511500,1
259.395535750,0
259.395552500,1
259.395560750,0
259.395585500,1
259.395593750,0
259.395634500,1
259.395642750,0
259.395675500,1
259.395683750,0
259.395716500,1
259.395724750,0
259.395757500,1
259.395765750,0
259.395798500,1
259.395806750,0
259.395839500,1
259.395847750,0
259.395880500,1
259.395888750,0
259.395921500,1
259.395945750,0
259.395954500,1
259.395962750,0
259.395979500,1
259.395995750,0
259.396004500,1
259.396020750,0
259.396037500,1
259.396045750,0
259.396070500,1
259.396078750,0
259.396087500,1
259.396119750,0
259.396136500,1
259.396145250,0
259.396154250,1
259.401450000,0
259.401482500,1
259.401514000,0
259.401523000,1
259.401539500,0
259.401564500,1
259.401573000,0
259.401590000,1
259.401598500,0
259.401607500,1
259.401616000,0
259.401625000,1
259.401633500,0
259.401650500,1
259.401667000,0
259.401692000,1
259.401700500,0
259.401709500,1
259.401718000,0
259.401727000,1
259.401735500,0
259.401768500,1
259.401777000,0
259.401786000,1
259.401818500,0
259.401827500,1
259.401844000,0
259.401861000,1
259.401869500,0
259.401902500,1
259.401927000,0
259.401936000,1
259.401944500,0
259.401961500,1
259.401978000,0
259.401987000,1
259.402011500,0
259.402028500,1
259.402037000,0
259.402046000,1
259.402054500,0
259.402063500,1
259.402072000,0
259.402089000,1
259.402105500,0
259.402114500,1
259.402147000,0
259.402156000,1
259.402172500,0
259.402181500,1
259.402190000,0
259.402199000,1
259.402231500,0
259.402240500,1
259.402249000,0
259.402266000,1
259.402282500,0
259.402307500,1
259.402316000,0
259.402325000,1
259.402333500,0
259.402342500,1
259.402351000,0
259.402360000,1
259.402368500,0
259.402385500,1
259.402394000,0
259.402411000,1
259.402419500,0
259.402428500,1
259.402445000,0
259.402462000,1
259.416551250,0
259.416583750,1
259.416615250,0
259.416624250,1
259.416640750,0
259.416657750,1
259.416666250,0
259.416675250,1
259.416691750,0
259.416708750,1
259.416717250,0
259.416726250,1
259.416734750,0
259.416751750,1
259.416776250,0
259.416793250,1
259.416801750,0
259.416834750,1
259.416843250,0
259.416876250,1
259.416892750,0
259.416917750,1
259.416926250,0
259.416959250,1
259.416983750,0
259.416992750,1
259.417001250,0
259.417018250,1
259.417026750,0
259.417043750,1
259.417076250,0
259.417085250,1
259.417093750,0
259.417110750,1
259.417119250,0
259.417136250,1
259.417144500,0
259.417153250,1
259.451650500,0
259.451683000,1
259.451714500,0
259.451723500,1
259.451740000,0
259.451765000,1
259.451773500,0
259.451790500,1
259.451799000,0
259.451808000,1
259.451816500,0
259.451825500,1
259.451834000,0
259.451851000,1
259.451867500,0
259.451892500,1
259.451901000,0
259.451910000,1
259.451918500,0
259.451927500,1
259.451936000,0
259.451961000,1
259.451969500,0
259.451978500,1
259.451995000,0
259.452004000,1
259.452012500,0
259.452021500,1
259.452038000,0
259.452047000,1
259.452055500,0
259.452064500,1
259.452073000,0
259.452106000,1
259.452130500,0
259.452139500,1
259.452148000,0
259.452157000,1
259.452165500,0
259.452190500,1
259.452199000,0
259.452208000,1
259.452224500,0
259.452233500,1
259.452242000,0
259.452251000,1
259.452259500,0
259.452268500,1
259.452277000,0
259.452294000,1
259.452310500,0
259.452319500,1
259.452360000,0
259.452385000,1
259.452393500,0
259.452402500,1
259.452435000,0
259.452444000,1
259.452452500,0
259.452469500,1
259.452486000,0
259.452503000,1
259.452511500,0
259.452528500,1
259.452537000,0
259.452546000,1
259.452562500,0
259.452571500,1
259.452580000,0
259.452589000,1
259.452605500,0
259.452614500,1
259.452631000,0
259.452640000,1
259.452648500,0
259.452665500,1
259.470264250,0
259.470296250,1
259.470328000,0
259.470336500,1
259.470344750,0
259.470353500,1
259.470361750,0
259.470370500,1
259.470378750,0
259.470387250,1
259.470411500,0
259.470420250,1
259.470428500,0
259.470437000,1
259.470445500,0
259.470462000,1
259.470486250,0
259.470502750,1
259.470511000,0
259.470527750,1
259.470536000,0
259.470544500,1
259.470553000,0
259.470585500,1
259.470593750,0
259.470618250,1
259.470626500,0
259.470635250,1
259.470659500,0
259.470668000,1
259.470684250,0
259.470708750,1
259.470725000,0
259.470733750,1
259.470742000,0
259.470750750,1
259.470759000,0
259.470767500,1
259.470775750,0
259.470784500,1
259.470792750,0
259.470841250,1
259.470850000,0
259.470858750,1
259.471714500,0
259.471747000,1
259.471778500,0
259.471787500,1
259.471796000,0
259.471805000,1
259.471813500,0
259.471830500,1
259.471855000,0
259.471864000,1
259.471872500,0
259.471881500,1
259.471898000,0
259.471915000,1
259.471931500,0
259.471956500,1
259.471981000,0
259.471998000,1
259.472006500,0
259.472031500,1
259.472040000,0
259.472081000,1
259.472089500,0
259.472122500,1
259.472131000,0
259.472148000,1
259.472164500,0
259.472173500,1
259.472182000,0
259.472191000,1
259.472207500,0
259.472248500,1
259.472257000,0
259.472274000,1
259.472282500,0
259.472291500,1
259.472300000,0
259.472333000,1
259.472341500,0
259.472374500,1
259.472415000,0
259.472424000,1
259.472456500,0
259.472465500,1
259.472498000,0
259.472507000,1
259.472539500,0
259.472548500,1
259.472573000,0
259.472582000,1
259.472606500,0
259.472623500,1
259.472640000,0
259.472665000,1
259.472681500,0
259.472690500,1
259.472699000,0
259.472716000,1
259.475331750,0
259.475363500,1
259.475395000,0
259.475403500,1
259.475412000,0
259.475420500,1
259.475436750,0
259.475445250,1
259.475453500,0
259.475462000,1
259.475478250,0
259.475486750,1
259.475495000,0
259.475503750,1
259.475512000,0
259.475528500,1
259.475552500,0
259.475569000,1
259.475577250,0
259.475609500,1
259.475618000,0
259.475650250,1
259.475658500,0
259.475690750,1
259.475699250,0
259.475731500,1
259.475739750,0
259.475772000,1
259.475796250,0
259.475812750,1
259.475821000,0
259.475853250,1
259.475861750,0
259.475870250,1
259.475878500,0
259.475895000,1
259.475935000,0
259.475943500,1
259.475975500,0
259.475984000,1
259.476016250,0
259.476024750,1
259.476056750,0
259.476097000,1
259.476105250,0
259.476137500,1
259.476177750,0
259.476186250,1
259.476218250,0
259.476226750,1
259.476258750,0
259.476267500,1
259.476299500,0
259.476308000,1
259.476340000,0
259.476348500,1
259.476380750,0
259.476421000,1
259.476429250,0
259.476461500,1
259.476469750,0
259.476478250,1
259.476502500,0
259.476534750,1
259.476543250,0
259.476575500,1
259.476583750,0
259.476600250,1
259.476608500,0
259.476633000,1
259.476641750,0
259.476650750,1
259.493618750,0
259.493651000,1
259.493682750,0
259.493691500,1
259.493699750,0
259.493708500,1
259.493716750,0
259.493733500,1
259.493741750,0
259.493750500,1
259.493766750,0
259.493775500,1
259.493783750,0
259.493792500,1
259.493800750,0
259.493817500,1
259.493841750,0
259.493858500,1
259.493866750,0
259.493891500,1
259.493899750,0
259.493940500,1
259.493948750,0
259.493981500,1
259.493989750,0
259.494022500,1
259.494030750,0
259.494063500,1
259.494071750,0
259.494104500,1
259.494112750,0
259.494145500,1
259.494153750,0
259.494186500,1
259.494194750,0
259.494227500,1
259.494251750,0
259.494260500,1
259.494268750,0
259.494285500,1
259.494301750,0
259.494310500,1
259.494326750,0
259.494343500,1
259.494351750,0
259.494376500,1
259.494384750,0
259.494393500,1
259.494425750,0
259.494442500,1
259.494451250,0
259.494460000,1
259.501924000,0
259.501956500,1
259.501988000,0
259.501997000,1
259.502013500,0
259.502038500,1
259.502047000,0
259.502064000,1
259.502072500,0
259.502081500,1
259.502090000,0
259.502099000,1
259.502107500,0
259.502124500,1
259.502141000,0
259.502166000,1
259.502174500,0
259.502183500,1
259.502192000,0
259.502201000,1
259.502209500,0
259.502234500,1
259.502243000,0
259.502252000,1
259.502292500,0
259.502309500,1
259.502318000,0
259.502335000,1
259.502343500,0
259.502376500,1
259.502401000,0
259.502410000,1
259.502418500,0
259.502427500,1
259.502436000,0
259.502445000,1
259.502453500,0
259.502462500,1
259.502503000,0
259.502520000,1
259.502528500,0
259.502537500,1
259.502546000,0
259.502563000,1
259.502579500,0
259.502588500,1
259.502629000,0
259.502638000,1
259.502646500,0
259.502655500,1
259.502664000,0
259.502673000,1
259.502705500,0
259.502714500,1
259.502723000,0
259.502732000,1
259.502756500,0
259.502765500,1
259.502782000,0
259.502799000,1
259.502815500,0
259.502824500,1
259.502841000,0
259.502858000,1
259.502866500,0
259.502875500,1
259.502884000,0
259.502901000,1
259.502917500,0
259.502934500,1
259.517007750,0
259.517040250,1
259.517071750,0
259.517080750,1
259.517097250,0
259.517122250,1
259.517138750,0
259.517147750,1
259.517156250,0
259.517165250,1
259.517173750,0
259.517182750,1
259.517191250,0
259.517208250,1
259.517224750,0
259.517249750,1
259.517258250,0
259.517275250,1
259.517283750,0
259.517292750,1
259.517317250,0
259.517334250,1
259.517342750,0
259.517375750,1
259.517384250,0
259.517393250,1
259.517417750,0
259.517426750,1
259.517435250,0
259.517460250,1
259.517468750,0
259.517501750,1
259.517510250,0
259.517527250,1
259.517543750,0
259.517584750,1
259.517625250,0
259.517642250,1
259.517658750,0
259.517667750,1
259.517692250,0
259.517709250,1
259.517725750,0
259.517742750,1
259.517751250,0
259.517760250,1
259.517768750,0
259.517793750,1
259.517826250,0
259.517835250,1
259.517843750,0
259.517876750,1
259.517885250,0
259.517894250,1
259.517910750,0
259.517919750,1
259.517952250,0
259.517961250,1
259.517977750,0
259.518010750,1
259.552109000,0
259.552141500,1
259.552173000,0
259.552182000,1
259.552198500,0
259.552223500,1
259.552232000,0
259.552249000,1
259.552257500,0
259.552266500,1
259.552275000,0
259.552284000,1
259.552292500,0
259.552309500,1
259.552326000,0
259.552351000,1
259.552359500,0
259.552368500,1
259.552377000,0
259.552386000,1
259.552394500,0
259.552419500,1
259.552436000,0
259.552461000,1
259.552477500,0
259.552502500,1
259.552511000,0
259.552520000,1
259.552528500,0
259.552561500,1
259.552586000,0
259.552595000,1
259.552603500,0
259.552612500,1
259.552629000,0
259.552646000,1
259.552654500,0
259.552687500,1
259.552696000,0
259.552705000,1
259.552713500,0
259.552722500,1
259.552731000,0
259.552748000,1
259.552772500,0
259.552813500,1
259.552822000,0
259.552839000,1
259.552847500,0
259.552856500,1
259.552889000,0
259.552898000,1
259.552906500,0
259.552915500,1
259.552940000,0
259.552949000,1
259.552957500,0
259.552966500,1
259.552975000,0
259.552984000,1
259.553024500,0
259.553041500,1
259.553066000,0
259.553075000,1
259.553099500,0
259.553116500,1
259.572286000,0
259.572318500,1
259.572350000,0
259.572359000,1
259.572367500,0
259.572376500,1
259.572385000,0
259.572402000,1
259.572442500,0
259.572451500,1
259.572468000,0
259.572485000,1
259.572509500,0
259.572526500,1
259.572551000,0
259.572568000,1
259.572576500,0
259.572609500,1
259.572618000,0
259.572651000,1
259.572659500,0
259.572692500,1
259.572701000,0
259.572734000,1
259.572742500,0
259.572767500,1
259.572776000,0
259.572801000,1
259.572809500,0
259.572818500,1
259.572835000,0
259.572844000,1
259.572852500,0
259.572861500,1
259.572870000,0
259.572887000,1
259.572903500,0
259.572944500,1
259.572961000,0
259.572986000,1
259.572994500,0
259.573027500,1
259.573068000,0
259.573077000,1
259.573109500,0
259.573142500,1
259.573151000,0
259.573184000,1
259.573192500,0
259.573201500,1
259.573234000,0
259.573243000,1
259.573275500,0
259.573316500,1
259.573325000,0
259.573358000,1
259.573366500,0
259.573399500,1
259.573408000,0
259.573441000,1
259.573457500,0
259.573466500,1
259.573483000,0
259.573516000,1
259.573524500,0
259.573541500,1
259.573550000,0
259.573567000,1
259.573599500,0
259.573616500,1
259.573625000,0
259.573633500,1
259.593969500,0
259.594001750,1
259.594033500,0
259.594042250,1
259.594050500,0
259.594059250,1
259.594067500,0
259.594084250,1
259.594092500,0
259.594101250,1
259.594117500,0
259.594126250,1
259.594134500,0
259.594143250,1
259.594151500,0
259.594168250,1
259.594192500,0
259.594209250,1
259.594217500,0
259.594242250,1
259.594250500,0
259.594291250,1
259.594299500,0
259.594332250,1
259.594340500,0
259.594373250,1
259.594381500,0
259.594414250,1
259.594422500,0
259.594455250,1
259.594463500,0
259.594496250,1
259.594504500,0
259.594537250,1
259.594545500,0
259.594578250,1
259.594602500,0
259.594611250,1
259.594619500,0
259.594636250,1
259.594652500,0
259.594661250,1
259.594677500,0
259.594694250,1
259.594702500,0
259.594727250,1
259.594735500,0
259.594744250,1
259.594776500,0
259.594793250,1
259.594802000,0
259.594811000,1
259.602491000,0
259.602523250,1
259.602555000,0
259.602563750,1
259.602580500,0
259.602605250,1
259.602614000,0
259.602631000,1
259.602639500,0
259.602648500,1
259.602657000,0
259.602666000,1
259.602674500,0
259.602691500,1
259.602708000,0
259.602733000,1
259.602741500,0
259.602750500,1
259.602759000,0
259.602768000,1
259.602776500,0
259.602801500,1
259.602818000,0
259.602835000,1
259.602859500,0
259.602868500,1
259.602877000,0
259.602886000,1
259.602894500,0
259.602903500,1
259.602912000,0
259.602945000,1
259.602969500,0
259.602978500,1
259.602987000,0
259.602996000,1
259.603012500,0
259.603021500,1
259.603030000,0
259.603039000,1
259.603047500,0
259.603072500,1
259.603081000,0
259.603090000,1
259.603098500,0
259.603107500,1
259.603116000,0
259.603133000,1
259.603157500,0
259.603198500,1
259.603207000,0
259.603224000,1
259.603232500,0
259.603241500,1
259.603274000,0
259.603283000,1
259.603299500,0
259.603308500,1
259.603325000,0
259.603342000,1
259.603366500,0
259.603383500,1
259.603392000,0
259.603401000,1
259.603409500,0
259.603418500,1
259.603427000,0
259.603436000,1
259.603452500,0
259.603469500,1
259.603486000,0
259.603503000,1
259.652922000,0
259.652954250,1
259.652986000,0
259.652994750,1
259.653011500,0
259.653036250,1
259.653045000,0
259.653061750,1
259.653070500,0
259.653079250,1
259.653088000,0
259.653096750,1
259.653105500,0
259.653122250,1
259.653139000,0
259.653163750,1
259.653172500,0
259.653181250,1
259.653190000,0
259.653198750,1
259.653207500,0
259.653232500,1
259.653249000,0
259.653258000,1
259.653266500,0
259.653275500,1
259.653292000,0
259.653309000,1
259.653317500,0
259.653334500,1
259.653343000,0
259.653376000,1
259.653400500,0
259.653409500,1
259.653418000,0
259.653427000,1
259.653451500,0
259.653460500,1
259.653485000,0
259.653494000,1
259.653502500,0
259.653519500,1
259.653528000,0
259.653537000,1
259.653545500,0
259.653562500,1
259.653587000,0
259.653628000,1
259.653644500,0
259.653653500,1
259.653662000,0
259.653671000,1
259.653703500,0
259.653712500,1
259.653729000,0
259.653738000,1
259.653754500,0
259.653763500,1
259.653796000,0
259.653805000,1
259.653813500,0
259.653830500,1
259.653839000,0
259.653848000,1
259.653856500,0
259.653881500,1
259.653914000,0
259.653931000,1
259.672572500,0
259.672604750,1
259.672636500,0
259.672645250,1
259.672654000,0
259.672662750,1
259.672671500,0
259.672688250,1
259.672713000,0
259.672721750,1
259.672730500,0
259.672739250,1
259.672756000,0
259.672772750,1
259.672797500,0
259.672814250,1
259.672839000,0
259.672855750,1
259.672864500,0
259.672889250,1
259.672898000,0
259.672938750,1
259.672947500,0
259.672980250,1
259.672989000,0
259.673005750,1
259.673022500,0
259.673031250,1
259.673040000,0
259.673048750,1
259.673065500,0
259.673106250,1
259.673115000,0
259.673139750,1
259.673148500,0
259.673157250,1
259.673190000,0
259.673198750,1
259.673231500,0
259.673240250,1
259.673273000,0
259.673281750,1
259.673314500,0
259.673323250,1
259.673356000,0
259.673364750,1
259.673397500,0
259.673414250,1
259.673439000,0
259.673455750,1
259.673472500,0
259.673481500,1
259.673490000,0
259.673507000,1
259.673515500,0
259.673524500,1
259.673533000,0
259.673550000,1
259.673558500,0
259.673575500,1
259.673584000,0
259.673592500,1
259.678276750,0
259.678308500,1
259.678340250,0
259.678348750,1
259.678357000,0
259.678365500,1
259.678381750,0
259.678390250,1
259.678398500,0
259.678407000,1
259.678423250,0
259.678431750,1
259.678440250,0
259.678448750,1
259.678457000,0
259.678473500,1
259.678497750,0
259.678514000,1
259.678522500,0
259.678554750,1
259.678563000,0
259.678595250,1
259.678603750,0
259.678636000,1
259.678644250,0
259.678676500,1
259.678684750,0
259.678717250,1
259.678741250,0
259.678757750,1
259.678766000,0
259.678798500,1
259.678806750,0
259.678815250,1
259.678823500,0
259.678840000,1
259.678880000,0
259.678888500,1
259.678920750,0
259.678929250,1
259.678961250,0
259.678969750,1
259.679001750,0
259.679042000,1
259.679050500,0
259.679082750,1
259.679122750,0
259.679131250,1
259.679163250,0
259.679171750,1
259.679204000,0
259.679212500,1
259.679244500,0
259.679253000,1
259.679285250,0
259.679293750,1
259.679325750,0
259.679366000,1
259.679374250,0
259.679406500,1
259.679415000,0
259.679423500,1
259.679447500,0
259.679480000,1
259.679488250,0
259.679520500,1
259.679528750,0
259.679545250,1
259.679553500,0
259.679578000,1
259.679586750,0
259.679595750,1
259.694323500,0
259.694355750,1
259.694387500,0
259.694396250,1
259.694404500,0
259.694413250,1
259.694421500,0
259.694438250,1
259.694446500,0
259.694455250,1
259.694471500,0
259.694480250,1
259.694488500,0
259.694497250,1
259.694505500,0
259.694522250,1
259.694546500,0
259.694563250,1
259.694571500,0
259.694596250,1
259.694604500,0
259.694645250,1
259.694653500,0
259.694686250,1
259.694694500,0
259.694727250,1
259.694735500,0
259.694768250,1
259.694776500,0
259.694809250,1
259.694817500,0
259.694850250,1
259.694858500,0
259.694891250,1
259.694899500,0
259.694932250,1
259.694956500,0
259.694965250,1
259.694973500,0
259.694990250,1
259.695006500,0
259.695015250,1
259.695031500,0
259.695048250,1
259.695056500,0
259.695081250,1
259.695089500,0
259.695098250,1
259.695130500,0
259.695147250,1
259.695156000,0
259.695165000,1
259.702917000,0
259.702949250,1
259.702981000,0
259.702989750,1
259.703006500,0
259.703031250,1
259.703040000,0
259.703056750,1
259.703065500,0
259.703074250,1
259.703083000,0
259.703091750,1
259.703100500,0
259.703117250,1
259.703134000,0
259.703158750,1
259.703167500,0
259.703176250,1
259.703185000,0
259.703193750,1
259.703202500,0
259.703219250,1
259.703228000,0
259.703244750,1
259.703253500,0
259.703262250,1
259.703271000,0
259.703279750,1
259.703288500,0
259.703297250,1
259.703306000,0
259.703314750,1
259.703323500,0
259.703332250,1
259.703341000,0
259.703373750,1
259.703406500,0
259.703415250,1
259.703424000,0
259.703448750,1
259.703457500,0
259.703466250,1
259.703475000,0
259.703491750,1
259.703500500,0
259.703517250,1
259.703526000,0
259.703534750,1
259.703543500,0
259.703560250,1
259.703585000,0
259.703617750,1
259.703626500,0
259.703651250,1
259.703660000,0
259.703668750,1
259.703701500,0
259.703710250,1
259.703751000,0
259.703759750,1
259.703768500,0
259.703777250,1
259.703794000,0
259.703810750,1
259.703819500,0
259.703836500,1
259.703845000,0
259.703854000,1
259.703862500,0
259.703871500,1
259.703880000,0
259.703889000,1
259.703897500,0
259.703930500,1
259.753133500,0
259.753165750,1
259.753197500,0
259.753206250,1
259.753223000,0
259.753247750,1
259.753256500,0
259.753273250,1
259.753282000,0
259.753290750,1
259.753299500,0
259.753308250,1
259.753317000,0
259.753333750,1
259.753350500,0
259.753375250,1
259.753384000,0
259.753392750,1
259.753401500,0
259.753410250,1
259.753419000,0
259.753435750,1
259.753444500,0
259.753461250,1
259.753486000,0
259.753502750,1
259.753519500,0
259.753528250,1
259.753537000,0
259.753545750,1
259.753554500,0
259.753587250,1
259.753620000,0
259.753628750,1
259.753637500,0
259.753654250,1
259.753663000,0
259.753671750,1
259.753696500,0
259.753705250,1
259.753714000,0
259.753730750,1
259.753739500,0
259.753748250,1
259.753757000,0
259.753773750,1
259.753798500,0
259.753831250,1
259.753840000,0
259.753864750,1
259.753873500,0
259.753882250,1
259.753915000,0
259.753923750,1
259.753964500,0
259.753989250,1
259.754006000,0
259.754014750,1
259.754023500,0
259.754032250,1
259.754041000,0
259.754049750,1
259.754058500,0
259.754067250,1
259.754076000,0
259.754084750,1
259.754093500,0
259.754102250,1
259.754111000,0
259.754119750,1
259.754128500,0
259.754145250,1
259.763138500,0
259.763170750,1
259.763202500,0
259.763211250,1
259.763220000,0
259.763228750,1
259.763237500,0
259.763246250,1
259.763255000,0
259.763279750,1
259.763288500,0
259.763297250,1
259.763306000,0
259.763314750,1
259.763323500,0
259.763340250,1
259.763357000,0
259.763381750,1
259.763390500,0
259.763423250,1
259.763432000,0
259.763464750,1
259.763473500,0
259.763506250,1
259.763515000,0
259.763547750,1
259.763556500,0
259.763589250,1
259.763598000,0
259.763630750,1
259.763639500,0
259.763672250,1
259.763681000,0
259.763697750,1
259.763714500,0
259.763755250,1
259.763764000,0
259.763796750,1
259.763805500,0
259.763838250,1
259.763847000,0
259.763855750,1
259.763864500,0
259.763881250,1
259.763890000,0
259.763922750,1
259.763931500,0
259.763964250,1
259.763973000,0
259.764005750,1
259.764014500,0
259.764047250,1
259.764056000,0
259.764064750,1
259.764073500,0
259.764090250,1
259.764099000,0
259.764131750,1
259.764172500,0
259.764181250,1
259.764214000,0
259.764254750,1
259.764263500,0
259.764296250,1
259.764305000,0
259.764337750,1
259.764346500,0
259.764379250,1
259.764388000,0
259.764420750,1
259.764429500,0
259.764462250,1
259.764471000,0
259.764503750,1
259.764512500,0
259.764545500,1
259.764554000,0
259.764571000,1
259.764579500,0
259.764588500,1
259.764629000,0
259.764646000,1
259.764654500,0
259.764663500,1
259.764672000,0
259.764681000,1
259.764697500,0
259.764722500,1
259.773179500,0
259.773211750,1
259.773243500,0
259.773252250,1
259.773261000,0
259.773269750,1
259.773278500,0
259.773295250,1
259.773336000,0
259.773344750,1
259.773361500,0
259.773378250,1
259.773403000,0
259.773419750,1
259.773444500,0
259.773461250,1
259.773470000,0
259.773502750,1
259.773511500,0
259.773544250,1
259.773553000,0
259.773585750,1
259.773594500,0
259.773627250,1
259.773636000,0
259.773660750,1
259.773669500,0
259.773694250,1
259.773703000,0
259.773711750,1
259.773728500,0
259.773737250,1
259.773746000,0
259.773754750,1
259.773763500,0
259.773780250,1
259.773797000,0
259.773837750,1
259.773854500,0
259.773879250,1
259.773888000,0
259.773920750,1
259.773961500,0
259.773970250,1
259.774003000,0
259.774035750,1
259.774044500,0
259.774077250,1
259.774086000,0
259.774094750,1
259.774127500,0
259.774136250,1
259.774169000,0
259.774209750,1
259.774218500,0
259.774251250,1
259.774260000,0
259.774292750,1
259.774301500,0
259.774334250,1
259.774351000,0
259.774359750,1
259.774376500,0
259.774409250,1
259.774418000,0
259.774434750,1
259.774443500,0
259.774460250,1
259.774493000,0
259.774509750,1
259.774518500,0
259.774527000,1
259.794679500,0
259.794711500,1
259.794743500,0
259.794752000,1
259.794760500,0
259.794769000,1
259.794777500,0
259.794794000,1
259.794802500,0
259.794811000,1
259.794827500,0
259.794836000,1
259.794844500,0
259.794853000,1
259.794861500,0
259.794878000,1
259.794902500,0
259.794919000,1
259.794927500,0
259.794952000,1
259.794960500,0
259.795001000,1
259.795009500,0
259.795042000,1
259.795050500,0
259.795083000,1
259.795091500,0
259.795124000,1
259.795132500,0
259.795165000,1
259.795173500,0
259.795206250,1
259.795214500,0
259.795247250,1
259.795255500,0
259.795288250,1
259.795312500,0
259.795321250,1
259.795329500,0
259.795346250,1
259.795362500,0
259.795371250,1
259.795387500,0
259.795404250,1
259.795412500,0
259.795437250,1
259.795445500,0
259.795454250,1
259.795486500,0
259.795503250,1
259.795511500,0
259.795520500,1
259.803768500,0
259.803800750,1
259.803832500,0
259.803841250,1
259.803858000,0
259.803882750,1
259.803891500,0
259.803908250,1
259.803917000,0
259.803925750,1
259.803934500,0
259.803943250,1
259.803952000,0
259.803968750,1
259.803985500,0
259.804010250,1
259.804019000,0
259.804027750,1
259.804036500,0
259.804045250,1
259.804054000,0
259.804070750,1
259.804079500,0
259.804088250,1
259.804097000,0
259.804113750,1
259.804122500,0
259.804139250,1
259.804148000,0
259.804156750,1
259.804173500,0
259.804182250,1
259.804191000,0
259.804223750,1
259.804256500,0
259.804265250,1
259.804274000,0
259.804290750,1
259.804307500,0
259.804316250,1
259.804341000,0
259.804349750,1
259.804358500,0
259.804367250,1
259.804376000,0
259.804384750,1
259.804393500,0
259.804410250,1
259.804435000,0
259.804467750,1
259.804476500,0
259.804485250,1
259.804494000,0
259.804502750,1
259.804511500,0
259.804520250,1
259.804561000,0
259.804585750,1
259.804602500,0
259.804627250,1
259.804644000,0
259.804652750,1
259.804661500,0
259.804670250,1
259.804679000,0
259.804687750,1
259.804704500,0
259.804729250,1
259.804738000,0
259.804778750,1
259.854206000,0
259.854238250,1
259.854270000,0
259.854278750,1
259.854295500,0
259.854320250,1
259.854329000,0
259.854345750,1
259.854354500,0
259.854363250,1
259.854372000,0
259.854380750,1
259.854389500,0
259.854406250,1
259.854423000,0
259.854447750,1
259.854456500,0
259.854465250,1
259.854474000,0
259.854482750,1
259.854491500,0
259.854508250,1
259.854517000,0
259.854525750,1
259.854534500,0
259.854543250,1
259.854560000,0
259.854576750,1
259.854585500,0
259.854594250,1
259.854603000,0
259.854619750,1
259.854628500,0
259.854661250,1
259.854694000,0
259.854702750,1
259.854711500,0
259.854720250,1
259.854729000,0
259.854737750,1
259.854746500,0
259.854763250,1
259.854772000,0
259.854780750,1
259.854789500,0
259.854806250,1
259.854815000,0
259.854823750,1
259.854832500,0
259.854849250,1
259.854874000,0
259.854906750,1
259.854915500,0
259.854924250,1
259.854933000,0
259.854941750,1
259.854950500,0
259.854959250,1
259.855000000,0
259.855024750,1
259.855041500,0
259.855058250,1
259.855083000,0
259.855107750,1
259.855124500,0
259.855133250,1
259.855158000,0
259.855166750,1
259.855183500,0
259.855192250,1
259.855201000,0
259.855217750,1
259.874315500,0
259.874347750,1
259.874379500,0
259.874388250,1
259.874397000,0
259.874405750,1
259.874414500,0
259.874431250,1
259.874456000,0
259.874464750,1
259.874473500,0
259.874482250,1
259.874499000,0
259.874515750,1
259.874532500,0
259.874557250,1
259.874582000,0
259.874598750,1
259.874607500,0
259.874632250,1
259.874641000,0
259.874681750,1
259.874690500,0
259.874723250,1
259.874732000,0
259.874748750,1
259.874765500,0
259.874774250,1
259.874783000,0
259.874791750,1
259.874808500,0
259.874849250,1
259.874858000,0
259.874882750,1
259.874891500,0
259.874900250,1
259.874933000,0
259.874941750,1
259.874966500,0
259.874975250,1
259.875016000,0
259.875024750,1
259.875057500,0
259.875066250,1
259.875099000,0
259.875107750,1
259.875140500,0
259.875157250,1
259.875166000,0
259.875182750,1
259.875191500,0
259.875200250,1
259.875209000,0
259.875225750,1
259.875234500,0
259.875243250,1
259.875252000,0
259.875268750,1
259.875277500,0
259.875286250,1
259.875303000,0
259.875319750,1
259.881113250,0
259.881145250,1
259.881176750,0
259.881185250,1
259.881193500,0
259.881202000,1
259.881218250,0
259.881226750,1
259.881235250,0
259.881243750,1
259.881260000,0
259.881268500,1
259.881276750,0
259.881285250,1
259.881293750,0
259.881310000,1
259.881334250,0
259.881350750,1
259.881359000,0
259.881391250,1
259.881399750,0
259.881432000,1
259.881440250,0
259.881472500,1
259.881480750,0
259.881513250,1
259.881521500,0
259.881553750,1
259.881578000,0
259.881594500,1
259.881602750,0
259.881635000,1
259.881643250,0
259.881651750,1
259.881660250,0
259.881676500,1
259.881716750,0
259.881725250,1
259.881757250,0
259.881765750,1
259.881797750,0
259.881806250,1
259.881838500,0
259.881878750,1
259.881887000,0
259.881919250,1
259.881959250,0
259.881967750,1
259.882000000,0
259.882008500,1
259.882040500,0
259.882049000,1
259.882081250,0
259.882089750,1
259.882121750,0
259.882130250,1
259.882162500,0
259.882202500,1
259.882211000,0
259.882243250,1
259.882251500,0
259.882260000,1
259.882284250,0
259.882316500,1
259.882324750,0
259.882357250,1
259.882365500,0
259.882382000,1
259.882390250,0
259.882414500,1
259.882423250,0
259.882432250,1
259.895039750,0
259.895072000,1
259.895103750,0
259.895112500,1
259.895120750,0
259.895129500,1
259.895137750,0
259.895154500,1
259.895162750,0
259.895171500,1
259.895187750,0
259.895196500,1
259.895204750,0
259.895213500,1
259.895221750,0
259.895238500,1
259.895262750,0
259.895279500,1
259.895287750,0
259.895312500,1
259.895320750,0
259.895361500,1
259.895369750,0
259.895402500,1
259.895410750,0
259.895443500,1
259.895451750,0
259.895484500,1
259.895492750,0
259.895525500,1
259.895533750,0
259.895566500,1
259.895574750,0
259.895607500,1
259.895615750,0
259.895648500,1
259.895672750,0
259.895681500,1
259.895689750,0
259.895706500,1
259.895722750,0
259.895731500,1
259.895747750,0
259.895764500,1
259.895772750,0
259.895797500,1
259.895805750,0
259.895814500,1
259.895846750,0
259.895863500,1
259.895872000,0
259.895880750,1
