t_s,wall_time,pid,ok,raw,value
0.002,23:21:51.931,010D,1,41 0D 00 41 0D 00 >,0
0.002,23:21:52.289,010C,1,41 0C 0E 0B 41 0C 0E 0B >,898.75
0.876,23:21:52.688,010D,1,41 0D 00 41 0D 00 >,0
0.876,23:21:53.042,010C,1,41 0C 0E 0A 41 0C 0D FA >,898.5
1.615,23:21:53.426,010D,1,41 0D 00 41 0D 00 >,0
1.615,23:21:53.749,010C,1,41 0C 0D FF 41 0C 0E 16 >,895.75
2.338,23:21:54.103,010D,1,41 0D 00 41 0D 00 >,0
2.338,23:21:54.411,010C,1,41 0C 0E 0B 41 0C 0E 0B >,898.75
2.999,23:21:54.765,010D,1,41 0D 00 41 0D 00 >,0
2.999,23:21:55.072,010C,1,41 0C 0E 20 41 0C 0E 1C >,904
3.644,23:21:55.412,010D,1,41 0D 00 41 0D 00 >,0
3.644,23:21:55.738,010C,1,41 0C 0E 0E 41 0C 0E 17 >,899.5
4.325,23:21:56.092,010D,1,41 0D 00 41 0D 00 >,0
4.325,23:21:56.401,010C,1,41 0C 0E 13 41 0C 0E 14 >,900.75
4.990,23:21:56.709,010D,1,41 0D 00 41 0D 00 >,0
4.990,23:21:56.987,010C,1,41 0C 0E 2A 41 0C 0E 2A >,906.5
5.560,23:21:57.282,010D,1,41 0D 00 41 0D 00 >,0
5.560,23:21:57.592,010C,1,41 0C 0D EC 41 0C 0D EC >,891
6.165,23:21:57.932,010D,1,41 0D 00 41 0D 00 >,0
6.165,23:21:58.195,010C,1,41 0C 0D FD 41 0C 0D FD >,895.25
6.768,23:21:58.490,010D,1,41 0D 00 41 0D 00 >,0
6.768,23:21:58.768,010C,1,41 0C 0E 01 41 0C 0E 0F >,896.25
7.355,23:21:59.076,010D,1,41 0D 00 41 0D 00 >,0
7.355,23:21:59.386,010C,1,41 0C 0D FE 41 0C 0D FE >,895.5
7.975,23:21:59.727,010D,1,41 0D 00 41 0D 00 >,0
7.975,23:21:59.990,010C,1,41 0C 0E 34 41 0C 0E 27 >,909
8.562,23:22:00.287,010D,1,41 0D 00 41 0D 00 >,0
8.562,23:22:00.564,010C,1,41 0C 0D E9 41 0C 0D F1 >,890.25
9.137,23:22:00.904,010D,1,41 0D 00 41 0D 00 >,0
9.137,23:22:01.259,010C,1,41 0C 0D FA 41 0C 0D FA >,894.5
9.847,23:22:01.616,010D,1,41 0D 00 41 0D 00 >,0
9.847,23:22:01.894,010C,1,41 0C 0E 08 41 0C 0E 09 >,898
10.467,23:22:02.234,010D,1,41 0D 00 41 0D 00 >,0
10.467,23:22:02.543,010C,1,41 0C 0E 0B 41 0C 0E 0B >,898.75
11.116,23:22:02.839,010D,1,41 0D 00 41 0D 00 >,0
11.116,23:22:03.146,010C,1,41 0C 0E 21 41 0C 0E 21 >,904.25
11.719,23:22:03.426,010D,1,41 0D 00 41 0D 00 >,0
11.719,23:22:03.706,010C,1,41 0C 0D F1 41 0C 0D F9 >,892.25
12.295,23:22:04.061,010D,1,41 0D 00 41 0D 00 >,0
12.295,23:22:04.325,010C,1,41 0C 0D E5 41 0C 0D EE >,889.25
12.898,23:22:04.621,010D,1,41 0D 00 41 0D 00 >,0
12.898,23:22:04.929,010C,1,41 0C 0E 39 41 0C 0E 39 >,910.25
13.502,23:22:05.238,010D,1,41 0D 00 41 0D 00 >,0
13.502,23:22:05.515,010C,1,41 0C 0D FC 41 0C 0D FC >,895
14.088,23:22:05.856,010D,1,41 0D 00 41 0D 00 >,0
14.088,23:22:06.210,010C,1,41 0C 0E 10 41 0C 0E 10 >,900
14.799,23:22:06.613,010D,1,41 0D 00 41 0D 00 >,0
14.799,23:22:06.967,010C,1,41 0C 0E 07 41 0C 0E 07 >,897.75
15.540,23:22:07.354,010D,1,41 0D 00 41 0D 00 >,0
15.540,23:22:07.662,010C,1,41 0C 0D F1 41 0C 0D EE >,892.25
16.235,23:22:08.048,010D,1,41 0D 00 41 0D 00 >,0
16.235,23:22:08.404,010C,1,41 0C 0E 1F 41 0C 0E 1F >,903.75
16.992,23:22:08.711,010D,1,41 0D 00 41 0D 00 >,0
16.992,23:22:08.988,010C,1,41 0C 0E 06 41 0C 0E 06 >,897.5
17.561,23:22:09.328,010D,1,41 0D 00 41 0D 00 >,0
17.561,23:22:09.589,010C,1,41 0C 0E 19 41 0C 0E 19 >,902.25
18.162,23:22:09.913,010D,1,41 0D 00 41 0D 00 >,0
18.162,23:22:10.176,010C,1,41 0C 0D E3 41 0C 0D E3 >,888.75
18.749,23:22:10.471,010D,1,41 0D 00 41 0D 00 >,0
18.749,23:22:10.781,010C,1,41 0C 0E 16 41 0C 0E 15 >,901.5
19.369,23:22:11.120,010D,1,41 0D 00 41 0D 00 >,0
19.369,23:22:11.429,010C,1,41 0C 0E 0B 41 0C 0E 11 >,898.75
20.002,23:22:11.723,010D,1,41 0D 00 41 0D 00 >,0
20.002,23:22:12.003,010C,1,41 0C 0E 01 41 0C 0E 10 >,896.25
20.576,23:22:12.297,010D,1,41 0D 00 41 0D 00 >,0
20.576,23:22:12.606,010C,1,41 0C 0E 27 41 0C 0E 16 >,905.75
21.179,23:22:12.899,010D,1,41 0D 00 41 0D 00 >,0
21.179,23:22:13.208,010C,1,41 0C 0D EC 41 0C 0D EC >,891
21.796,23:22:13.574,010D,1,41 0D 00 41 0D 00 >,0
21.796,23:22:13.839,010C,1,41 0C 0E 02 41 0C 0E 02 >,896.5
22.428,23:22:14.147,010D,1,41 0D 00 41 0D 00 >,0
22.428,23:22:14.472,010C,1,41 0C 0D E8 41 0C 0D E8 >,890
23.045,23:22:14.812,010D,1,41 0D 00 41 0D 00 >,0
23.045,23:22:15.074,010C,1,41 0C 0E 03 41 0C 0E 03 >,896.75
23.647,23:22:15.366,010D,1,41 0D 00 41 0D 00 >,0
23.647,23:22:15.643,010C,1,41 0C 0E 04 41 0C 0E 04 >,897
24.231,23:22:15.999,010D,1,41 0D 00 41 0D 00 >,0
24.231,23:22:16.307,010C,1,41 0C 0E 10 41 0C 0E 10 >,900
24.880,23:22:16.598,010D,1,41 0D 00 41 0D 00 >,0
24.880,23:22:16.874,010C,1,41 0C 0E 27 41 0C 0E 27 >,905.75
25.447,23:22:17.166,010D,1,41 0D 00 41 0D 00 >,0
25.447,23:22:17.474,010C,1,41 0C 0D E0 41 0C 0D E0 >,888
26.046,23:22:17.765,010D,1,41 0D 00 41 0D 00 >,0
26.046,23:22:18.025,010C,1,41 0C 0E 1F 41 0C 0E 0D >,903.75
26.614,23:22:18.364,010D,1,41 0D 00 41 0D 00 >,0
26.614,23:22:18.687,010C,1,41 0C 0D F8 41 0C 0D F8 >,894
27.259,23:22:19.011,010D,1,41 0D 00 41 0D 00 >,0
27.259,23:22:19.317,010C,1,41 0C 0E 32 41 0C 0E 38 >,908.5
27.890,23:22:19.611,010D,1,41 0D 00 41 0D 00 >,0
27.890,23:22:19.920,010C,1,41 0C 0E 2B 41 0C 0E 2B >,906.75
28.493,23:22:20.214,010D,1,41 0D 00 41 0D 00 >,0
28.493,23:22:20.475,010C,1,41 0C 0E 0C 41 0C 0E 0C >,899
29.064,23:22:20.800,010D,1,41 0D 00 41 0D 00 >,0
29.064,23:22:21.106,010C,1,41 0C 0D ED 41 0C 0D ED >,891.25
29.679,23:22:21.444,010D,1,41 0D 00 41 0D 00 >,0
29.679,23:22:21.721,010C,1,41 0C 0E 00 41 0C 0E 00 >,896
30.293,23:22:22.013,010D,1,41 0D 00 41 0D 00 >,0
30.293,23:22:22.321,010C,1,41 0C 0E 09 41 0C 0E 09 >,898.25
30.894,23:22:22.627,010D,1,41 0D 00 41 0D 00 >,0
30.894,23:22:22.890,010C,1,41 0C 0E 17 41 0C 0E 12 >,901.75
31.479,23:22:23.197,010D,1,41 0D 00 41 0D 00 >,0
31.479,23:22:23.504,010C,1,41 0C 0E 08 41 0C 0E 08 >,898
32.092,23:22:23.812,010D,1,41 0D 00 41 0D 00 >,0
32.092,23:22:24.121,010C,1,41 0C 0D F1 41 0C 0D F1 >,892.25
32.694,23:22:24.445,010D,1,41 0D 00 41 0D 00 >,0
32.694,23:22:24.767,010C,1,41 0C 0E 24 41 0C 0E 24 >,905
33.340,23:22:25.059,010D,1,41 0D 00 41 0D 00 >,0
33.340,23:22:25.367,010C,1,41 0C 0E 0C 41 0C 0E 0B >,899
33.955,23:22:25.690,010D,1,41 0D 00 41 0D 00 >,0
33.955,23:22:25.998,010C,1,41 0C 0E 33 41 0C 0E 25 >,908.75
34.571,23:22:26.336,010D,1,41 0D 00 41 0D 00 >,0
34.571,23:22:26.612,010C,1,41 0C 0E 31 41 0C 0E 31 >,908.25
35.185,23:22:26.950,010D,1,41 0D 00 41 0D 00 >,0
35.185,23:22:27.257,010C,1,41 0C 0E 23 41 0C 0E 0D >,904.75
35.829,23:22:27.566,010D,1,41 0D 00 41 0D 00 >,0
35.829,23:22:27.828,010C,1,41 0C 0E 16 41 0C 0E 16 >,901.5
36.416,23:22:28.123,010D,1,41 0D 00 41 0D 00 >,0
36.416,23:22:28.431,010C,1,41 0C 0E 07 41 0C 0E 00 >,897.75
37.004,23:22:28.724,010D,1,41 0D 00 41 0D 00 >,0
37.004,23:22:28.999,010C,1,41 0C 0D E5 41 0C 0D E5 >,889.25
37.572,23:22:29.290,010D,1,41 0D 00 41 0D 00 >,0
37.572,23:22:29.599,010C,1,41 0C 0D F6 41 0C 0D F4 >,893.5
38.173,23:22:29.892,010D,1,41 0D 00 41 0D 00 >,0
38.173,23:22:30.198,010C,1,41 0C 0E 10 41 0C 0E 10 >,900
38.786,23:22:30.508,010D,1,41 0D 00 41 0D 00 >,0
38.786,23:22:30.770,010C,1,41 0C 0E 1C 41 0C 0E 1C >,903
39.358,23:22:31.124,010D,1,41 0D 00 41 0D 00 >,0
39.358,23:22:31.431,010C,1,41 0C 0E 0A 41 0C 0E 0A >,898.5
40.005,23:22:31.756,010D,1,41 0D 00 41 0D 00 >,0
40.005,23:22:32.051,010C,1,41 0C 0E 13 41 0C 0E 13 >,900.75
40.624,23:22:32.392,010D,1,41 0D 00 41 0D 00 >,0
40.624,23:22:32.653,010C,1,41 0C 0D E7 41 0C 0D D4 >,889.75
41.241,23:22:32.961,010D,1,41 0D 00 41 0D 00 >,0
41.241,23:22:33.236,010C,1,41 0C 0D EE 41 0C 0D EE >,891.5
41.809,23:22:33.577,010D,1,41 0D 00 41 0D 00 >,0
41.809,23:22:33.884,010C,1,41 0C 0E 13 41 0C 0E 13 >,900.75
42.458,23:22:34.191,010D,1,41 0D 00 41 0D 00 >,0
42.458,23:22:34.454,010C,1,41 0C 0E 1B 41 0C 0E 1B >,902.75
43.026,23:22:34.837,010D,1,41 0D 00 41 0D 00 >,0
43.026,23:22:35.099,010C,1,41 0C 0E 13 41 0C 0D F6 >,900.75
43.687,23:22:35.408,010D,1,41 0D 00 41 0D 00 >,0
43.687,23:22:35.716,010C,1,41 0C 0D E3 41 0C 0D DF >,888.75
44.289,23:22:36.008,010D,1,41 0D 00 41 0D 00 >,0
44.289,23:22:36.317,010C,1,41 0C 0D EF 41 0C 0D EF >,891.75
44.890,23:22:36.655,010D,1,41 0D 00 41 0D 00 >,0
44.890,23:22:36.964,010C,1,41 0C 0E 17 41 0C 0E 15 >,901.75
45.537,23:22:37.255,010D,1,41 0D 00 41 0D 00 >,0
45.537,23:22:37.580,010C,1,41 0C 0D FF 41 0C 0D FF >,895.75
46.167,23:22:37.933,010D,1,41 0D 00 41 0D 00 >,0
46.167,23:22:38.240,010C,1,41 0C 0E 04 41 0C 0E 04 >,897
46.828,23:22:38.549,010D,1,41 0D 00 41 0D 00 >,0
46.828,23:22:38.810,010C,1,41 0C 0E 31 41 0C 0E 1B >,908.25
47.383,23:22:39.149,010D,1,41 0D 00 41 0D 00 >,0
47.383,23:22:39.425,010C,1,41 0C 0E 14 41 0C 0E 14 >,901
47.997,23:22:39.717,010D,1,41 0D 00 41 0D 00 >,0
47.997,23:22:39.978,010C,1,41 0C 0E 01 41 0C 0E 01 >,896.25
48.566,23:22:40.318,010D,1,41 0D 00 41 0D 00 >,0
48.566,23:22:40.593,010C,1,41 0C 0E 0E 41 0C 0E 0E >,899.5
49.167,23:22:40.933,010D,1,41 0D 00 41 0D 00 >,0
49.167,23:22:41.195,010C,1,41 0C 0E 1E 41 0C 0E 1E >,903.5
49.768,23:22:41.505,010D,1,41 0D 00 41 0D 00 >,0
49.768,23:22:41.782,010C,1,41 0C 0E 05 41 0C 0E 05 >,897.25
50.355,23:22:42.107,010D,1,41 0D 00 41 0D 00 >,0
50.355,23:22:42.417,010C,1,41 0C 0D F0 41 0C 0D F0 >,892
51.006,23:22:42.757,010D,1,41 0D 00 41 0D 00 >,0
51.006,23:22:43.034,010C,1,41 0C 0D C8 41 0C 0D C8 >,882
51.607,23:22:43.329,010D,1,41 0D 00 41 0D 00 >,0
51.607,23:22:43.636,010C,1,41 0C 0D AA 41 0C 0D B9 >,874.5
52.209,23:22:43.988,010D,1,41 0D 00 41 0D 00 >,0
52.209,23:22:44.250,010C,1,41 0C 11 84 41 0C 11 84 >,1121
52.823,23:22:44.546,010D,1,41 0D 00 41 0D 00 >,0
52.823,23:22:44.852,010C,1,41 0C 12 9C 41 0C 12 A4 >,1191
53.440,23:22:45.174,010D,1,41 0D 00 41 0D 00 >,0
53.440,23:22:45.482,010C,1,41 0C 10 59 41 0C 10 70 >,1046.25
54.054,23:22:45.773,010D,1,41 0D 00 41 0D 00 >,0
54.054,23:22:46.065,010C,1,41 0C 0E 6A 41 0C 0E 7F >,922.5
54.638,23:22:46.357,010D,1,41 0D 00 41 0D 00 >,0
54.638,23:22:46.664,010C,1,41 0C 0C A3 41 0C 0C A3 >,808.75
55.237,23:22:46.971,010D,1,41 0D 00 41 0D 00 >,0
55.237,23:22:47.279,010C,1,41 0C 0D 0B 41 0C 0D 70 >,834.75
55.867,23:22:47.587,010D,1,41 0D 00 41 0D 02 >,0
55.867,23:22:47.910,010C,1,41 0C 0C D0 41 0C 0C D0 >,820
56.482,23:22:48.201,010D,1,41 0D 02 41 0D 03 >,2
56.482,23:22:48.464,010C,1,41 0C 0C DF 41 0C 0C DF >,823.75
57.037,23:22:48.758,010D,1,41 0D 03 41 0D 04 >,3
57.037,23:22:49.067,010C,1,41 0C 0C C5 41 0C 0C C5 >,817.25
57.655,23:22:49.419,010D,1,41 0D 03 41 0D 03 >,3
57.655,23:22:49.727,010C,1,41 0C 0D 83 41 0C 0D 83 >,864.75
58.315,23:22:50.049,010D,1,41 0D 03 41 0D 03 >,3
58.315,23:22:50.311,010C,1,41 0C 0D BC 41 0C 0D A5 >,879
58.884,23:22:50.604,010D,1,41 0D 02 41 0D 03 >,2
58.884,23:22:50.912,010C,1,41 0C 10 CC 41 0C 10 CC >,1075
59.485,23:22:51.204,010D,1,41 0D 02 41 0D 03 >,2
59.485,23:22:51.511,010C,1,41 0C 12 27 41 0C 12 14 >,1161.75
60.084,23:22:51.850,010D,1,41 0D 02 41 0D 03 >,2
60.084,23:22:52.128,010C,1,41 0C 13 D1 41 0C 13 CF >,1268.25
60.716,23:22:52.434,010D,1,41 0D 02 41 0D 03 >,2
60.716,23:22:52.741,010C,1,41 0C 14 6C 41 0C 14 60 >,1307
61.314,23:22:53.081,010D,1,41 0D 03 41 0D 04 >,3
61.314,23:22:53.388,010C,1,41 0C 15 BA 41 0C 15 B7 >,1390.5
61.961,23:22:53.712,010D,1,41 0D 03 41 0D 05 >,3
61.961,23:22:54.034,010C,1,41 0C 15 50 41 0C 15 69 >,1364
62.607,23:22:54.327,010D,1,41 0D 05 41 0D 06 >,5
62.607,23:22:54.635,010C,1,41 0C 14 B3 41 0C 14 BB >,1324.75
63.224,23:22:54.943,010D,1,41 0D 06 41 0D 07 >,6
63.224,23:22:55.266,010C,1,41 0C 13 F0 41 0C 13 FA >,1276
63.839,23:22:55.558,010D,1,41 0D 07 41 0D 08 >,7
63.839,23:22:55.865,010C,1,41 0C 14 35 41 0C 14 2D >,1293.25
64.438,23:22:56.174,010D,1,41 0D 08 41 0D 09 >,8
64.438,23:22:56.482,010C,1,41 0C 14 C4 41 0C 14 C4 >,1329
65.055,23:22:56.809,010D,1,41 0D 08 41 0D 0A >,8
65.055,23:22:57.116,010C,1,41 0C 16 44 41 0C 16 2D >,1425
65.705,23:22:57.469,010D,1,41 0D 0A 41 0D 0B >,10
65.705,23:22:57.730,010C,1,41 0C 18 A7 41 0C 18 90 >,1577.75
66.302,23:22:58.022,010D,1,41 0D 0B 41 0D 0C >,11
66.302,23:22:58.298,010C,1,41 0C 1A 98 41 0C 1A 7D >,1702
66.871,23:22:58.591,010D,1,41 0D 0C 41 0D 0D >,12
66.871,23:22:58.900,010C,1,41 0C 1C 8D 41 0C 1C 8D >,1827.25
67.473,23:22:59.239,010D,1,41 0D 0D 41 0D 0F >,13
67.473,23:22:59.535,010C,1,41 0C 21 19 41 0C 21 19 >,2118.25
68.123,23:22:59.847,010D,1,41 0D 10 41 0D 11 >,16
68.123,23:23:00.112,010C,1,41 0C 24 34 41 0C 24 18 >,2317
68.685,23:23:00.451,010D,1,41 0D 11 41 0D 13 >,17
68.685,23:23:00.761,010C,1,41 0C 27 53 41 0C 27 58 >,2516.75
69.334,23:23:01.054,010D,1,41 0D 14 41 0D 15 >,20
69.334,23:23:01.328,010C,1,41 0C 1E 40 41 0C 1E 98 >,1936
69.902,23:23:01.621,010D,1,41 0D 15 41 0D 16 >,21
69.902,23:23:01.930,010C,1,41 0C 1D 1F 41 0C 1C FE >,1863.75
70.518,23:23:02.254,010D,1,41 0D 16 41 0D 18 >,22
70.518,23:23:02.562,010C,1,41 0C 1E BC 41 0C 1E AF >,1967
71.134,23:23:02.855,010D,1,41 0D 17 41 0D 19 >,23
71.134,23:23:03.116,010C,1,41 0C 20 CF 41 0C 20 CF >,2099.75
71.689,23:23:03.470,010D,1,41 0D 1A 41 0D 1B >,26
71.689,23:23:03.777,010C,1,41 0C 21 CD 41 0C 21 BB >,2163.25
72.350,23:23:04.070,010D,1,41 0D 1B 41 0D 1D >,27
72.350,23:23:04.394,010C,1,41 0C 23 AD 41 0C 23 96 >,2283.25
72.982,23:23:04.702,010D,1,41 0D 1E 41 0D 1F >,30
72.982,23:23:05.011,010C,1,41 0C 26 A9 41 0C 26 8E >,2474.25
73.584,23:23:05.303,010D,1,41 0D 20 41 0D 22 >,32
73.584,23:23:05.582,010C,1,41 0C 29 00 41 0C 28 EC >,2624
74.154,23:23:05.873,010D,1,41 0D 23 41 0D 25 >,35
74.154,23:23:06.180,010C,1,41 0C 2B 0B 41 0C 2B 03 >,2754.75
74.753,23:23:06.460,010D,1,41 0D 25 41 0D 27 >,37
74.753,23:23:06.736,010C,1,41 0C 2D 1E 41 0C 2D 28 >,2887.5
75.324,23:23:07.042,010D,1,41 0D 28 41 0D 2A >,40
75.324,23:23:07.351,010C,1,41 0C 2B 12 41 0C 2B 95 >,2756.5
75.924,23:23:07.642,010D,1,41 0D 2A 41 0D 2B >,42
75.924,23:23:07.950,010C,1,41 0C 28 CB 41 0C 28 F8 >,2610.75
76.523,23:23:08.243,010D,1,41 0D 29 41 0D 29 >,41
76.523,23:23:08.566,010C,1,41 0C 26 F0 41 0C 27 08 >,2492
77.139,23:23:08.907,010D,1,41 0D 28 41 0D 27 >,40
77.139,23:23:09.216,010C,1,41 0C 24 FA 41 0C 25 05 >,2366.5
77.804,23:23:09.524,010D,1,41 0D 25 41 0D 25 >,37
77.804,23:23:09.800,010C,1,41 0C 23 53 41 0C 23 53 >,2260.75
78.373,23:23:10.092,010D,1,41 0D 24 41 0D 23 >,36
78.373,23:23:10.355,010C,1,41 0C 21 DC 41 0C 21 CF >,2167
78.927,23:23:10.646,010D,1,41 0D 23 41 0D 22 >,35
78.927,23:23:10.923,010C,1,41 0C 20 37 41 0C 20 26 >,2061.75
79.495,23:23:11.201,010D,1,41 0D 21 41 0D 20 >,33
79.495,23:23:11.554,010C,1,41 0C 1E 8D 41 0C 1E 88 >,1955.25
80.142,23:23:11.878,010D,1,41 0D 1F 41 0D 1E >,31
80.142,23:23:12.187,010C,1,41 0C 1C 37 41 0C 1C 41 >,1805.75
80.759,23:23:12.528,010D,1,41 0D 1C 41 0D 1B >,28
80.759,23:23:12.790,010C,1,41 0C 18 C1 41 0C 18 C1 >,1584.25
81.363,23:23:13.130,010D,1,41 0D 1A 41 0D 18 >,26
81.363,23:23:13.454,010C,1,41 0C 11 16 41 0C 11 16 >,1093.5
82.026,23:23:13.747,010D,1,41 0D 16 41 0D 14 >,22
82.026,23:23:14.056,010C,1,41 0C 11 32 41 0C 11 4A >,1100.5
82.644,23:23:14.379,010D,1,41 0D 12 41 0D 10 >,18
82.644,23:23:14.688,010C,1,41 0C 0E D9 41 0C 0E D9 >,950.25
83.261,23:23:15.026,010D,1,41 0D 0F 41 0D 0C >,15
83.261,23:23:15.333,010C,1,41 0C 0C 7C 41 0C 0C 9E >,799
83.906,23:23:15.626,010D,1,41 0D 0A 41 0D 08 >,10
83.906,23:23:15.933,010C,1,41 0C 0D E4 41 0C 0D E4 >,889
84.506,23:23:16.259,010D,1,41 0D 06 41 0D 03 >,6
84.506,23:23:16.581,010C,1,41 0C 0C 4E 41 0C 0C 4E >,787.5
85.169,23:23:16.935,010D,1,41 0D 03 41 0D 00 >,3
85.169,23:23:17.199,010C,1,41 0C 0D 69 41 0C 0D 69 >,858.25
85.772,23:23:17.491,010D,1,41 0D 00 41 0D 00 >,0
85.772,23:23:17.768,010C,1,41 0C 0D 8B 41 0C 0D 86 >,866.75
86.341,23:23:18.061,010D,1,41 0D 00 41 0D 00 >,0
86.341,23:23:18.322,010C,1,41 0C 0D 8C 41 0C 0D 8C >,867
86.895,23:23:18.614,010D,1,41 0D 00 41 0D 00 >,0
86.895,23:23:18.891,010C,1,41 0C 0D 75 41 0C 0D 75 >,861.25
87.479,23:23:19.245,010D,1,41 0D 00 41 0D 00 >,0
87.479,23:23:19.554,010C,1,41 0C 0D 66 41 0C 0D 66 >,857.5
88.126,23:23:19.891,010D,1,41 0D 00 41 0D 00 >,0
88.126,23:23:20.198,010C,1,41 0C 0D 63 41 0C 0D 55 >,856.75
88.771,23:23:20.492,010D,1,41 0D 00 41 0D 00 >,0
88.771,23:23:20.768,010C,1,41 0C 0D 58 41 0C 0D 65 >,854
89.341,23:23:21.092,010D,1,41 0D 00 41 0D 00 >,0
89.341,23:23:21.401,010C,1,41 0C 0D 3C 41 0C 0D 3C >,847
89.990,23:23:21.708,010D,1,41 0D 00 41 0D 00 >,0
89.990,23:23:22.030,010C,1,41 0C 0D 3C 41 0C 0D 3C >,847
90.603,23:23:22.322,010D,1,41 0D 00 41 0D 00 >,0
90.603,23:23:22.631,010C,1,41 0C 18 98 41 0C 18 28 >,1574
91.203,23:23:22.969,010D,1,41 0D 01 41 0D 04 >,1
91.203,23:23:23.275,010C,1,41 0C 1B 55 41 0C 1B 5E >,1749.25
91.848,23:23:23.629,010D,1,41 0D 06 41 0D 09 >,6
91.848,23:23:23.950,010C,1,41 0C 18 E0 41 0C 18 D1 >,1592
92.538,23:23:24.303,010D,1,41 0D 0A 41 0D 0C >,10
92.538,23:23:24.582,010C,1,41 0C 1B EB 41 0C 1B EB >,1786.75
93.154,23:23:24.874,010D,1,41 0D 0C 41 0D 0E >,12
93.154,23:23:25.135,010C,1,41 0C 1D 5F 41 0C 1D 4C >,1879.75
93.708,23:23:25.429,010D,1,41 0D 0F 41 0D 0F >,15
93.708,23:23:25.752,010C,1,41 0C 1D BA 41 0C 1D D5 >,1902.5
94.324,23:23:26.046,010D,1,41 0D 10 41 0D 10 >,16
94.324,23:23:26.307,010C,1,41 0C 10 3F 41 0C 10 9E >,1039.75
94.895,23:23:26.646,010D,1,41 0D 10 41 0D 0F >,16
94.895,23:23:26.922,010C,1,41 0C 0F 61 41 0C 0F 6A >,984.25
95.495,23:23:27.214,010D,1,41 0D 0F 41 0D 0F >,15
95.495,23:23:27.522,010C,1,41 0C 0F 91 41 0C 0F 91 >,996.25
96.094,23:23:27.815,010D,1,41 0D 0F 41 0D 0F >,15
96.094,23:23:28.076,010C,1,41 0C 0F 8D 41 0C 0F 8D >,995.25
96.648,23:23:28.415,010D,1,41 0D 0F 41 0D 0E >,15
96.648,23:23:28.736,010C,1,41 0C 0C EA 41 0C 0C EA >,826.5
97.325,23:23:29.091,010D,1,41 0D 0D 41 0D 0E >,13
97.325,23:23:29.399,010C,1,41 0C 0C E4 41 0C 0C E4 >,825
97.972,23:23:29.707,010D,1,41 0D 0D 41 0D 0D >,13
97.972,23:23:29.968,010C,1,41 0C 10 7E 41 0C 10 48 >,1055.5
98.541,23:23:30.293,010D,1,41 0D 0C 41 0D 0D >,12
98.541,23:23:30.603,010C,1,41 0C 16 9A 41 0C 16 55 >,1446.5
99.176,23:23:30.942,010D,1,41 0D 0D 41 0D 0E >,13
99.176,23:23:31.266,010C,1,41 0C 1A 84 41 0C 1A 89 >,1697
99.853,23:23:31.619,010D,1,41 0D 0F 41 0D 10 >,15
99.853,23:23:31.880,010C,1,41 0C 1A BF 41 0C 1A BC >,1711.75
100.453,23:23:32.174,010D,1,41 0D 11 41 0D 12 >,17
100.453,23:23:32.483,010C,1,41 0C 1B 7E 41 0C 1B 71 >,1759.5
101.070,23:23:32.836,010D,1,41 0D 12 41 0D 14 >,18
101.070,23:23:33.160,010C,1,41 0C 1C B9 41 0C 1C BA >,1838.25
101.733,23:23:33.500,010D,1,41 0D 15 41 0D 16 >,21
101.733,23:23:33.810,010C,1,41 0C 1E 03 41 0C 1D EF >,1920.75
102.399,23:23:34.119,010D,1,41 0D 17 41 0D 19 >,23
102.399,23:23:34.427,010C,1,41 0C 20 9E 41 0C 20 9E >,2087.5
103.000,23:23:34.737,010D,1,41 0D 1A 41 0D 1C >,26
103.000,23:23:35.047,010C,1,41 0C 23 CC 41 0C 23 B7 >,2291
103.621,23:23:35.372,010D,1,41 0D 1C 41 0D 1E >,28
103.621,23:23:35.680,010C,1,41 0C 26 19 41 0C 26 0B >,2438.25
104.253,23:23:35.988,010D,1,41 0D 20 41 0D 22 >,32
104.253,23:23:36.265,010C,1,41 0C 28 E9 41 0C 28 EA >,2618.25
104.853,23:23:36.605,010D,1,41 0D 23 41 0D 25 >,35
104.853,23:23:36.868,010C,1,41 0C 2B 7F 41 0C 2B 65 >,2783.75
105.440,23:23:37.175,010D,1,41 0D 26 41 0D 28 >,38
105.440,23:23:37.436,010C,1,41 0C 2D E3 41 0C 2D ED >,2936.75
106.009,23:23:37.762,010D,1,41 0D 29 41 0D 2B >,41
106.009,23:23:38.068,010C,1,41 0C 30 00 41 0C 2F EF >,3072
106.641,23:23:38.362,010D,1,41 0D 2D 41 0D 2E >,45
106.641,23:23:38.670,010C,1,41 0C 30 F6 41 0C 30 F5 >,3133.5
107.259,23:23:39.025,010D,1,41 0D 2F 41 0D 31 >,47
107.259,23:23:39.348,010C,1,41 0C 31 96 41 0C 31 92 >,3173.5
107.920,23:23:39.639,010D,1,41 0D 33 41 0D 34 >,51
107.920,23:23:39.946,010C,1,41 0C 34 B0 41 0C 34 8E >,3372
108.518,23:23:40.239,010D,1,41 0D 37 41 0D 38 >,55
108.518,23:23:40.517,010C,1,41 0C 37 CD 41 0C 37 A8 >,3571.25
109.090,23:23:40.855,010D,1,41 0D 39 41 0D 3B >,57
109.090,23:23:41.164,010C,1,41 0C 3A C5 41 0C 3A C5 >,3761.25
109.753,23:23:41.487,010D,1,41 0D 3D 41 0D 3E >,61
109.753,23:23:41.796,010C,1,41 0C 3E 1E 41 0C 3E 22 >,3975.5
110.368,23:23:42.089,010D,1,41 0D 3F 41 0D 42 >,63
110.368,23:23:42.396,010C,1,41 0C 41 5E 41 0C 41 79 >,4183.5
110.969,23:23:42.688,010D,1,41 0D 43 41 0D 45 >,67
110.969,23:23:42.997,010C,1,41 0C 44 B9 41 0C 44 A1 >,4398.25
111.570,23:23:43.292,010D,1,41 0D 47 41 0D 48 >,71
111.570,23:23:43.556,010C,1,41 0C 47 7D 41 0C 47 63 >,4575.25
112.145,23:23:43.865,010D,1,41 0D 49 41 0D 4B >,73
112.145,23:23:44.142,010C,1,41 0C 4A C0 41 0C 4A C0 >,4784
112.714,23:23:44.433,010D,1,41 0D 4D 41 0D 4E >,77
112.714,23:23:44.741,010C,1,41 0C 3D D5 41 0C 3E DE >,3957.25
113.314,23:23:45.079,010D,1,41 0D 50 41 0D 51 >,80
113.314,23:23:45.340,010C,1,41 0C 35 33 41 0C 35 28 >,3404.75
113.913,23:23:45.679,010D,1,41 0D 52 41 0D 53 >,82
113.913,23:23:45.957,010C,1,41 0C 36 7C 41 0C 36 6E >,3487
114.545,23:23:46.310,010D,1,41 0D 55 41 0D 55 >,85
114.545,23:23:46.618,010C,1,41 0C 37 C2 41 0C 37 AE >,3568.5
115.191,23:23:46.956,010D,1,41 0D 56 41 0D 57 >,86
115.191,23:23:47.218,010C,1,41 0C 39 25 41 0C 39 15 >,3657.25
115.791,23:23:47.542,010D,1,41 0D 58 41 0D 59 >,88
115.791,23:23:47.849,010C,1,41 0C 3A 72 41 0C 3A 4F >,3740.5
116.421,23:23:48.141,010D,1,41 0D 5B 41 0D 5B >,91
116.421,23:23:48.447,010C,1,41 0C 3B 91 41 0C 3B 94 >,3812.25
117.035,23:23:48.768,010D,1,41 0D 5C 41 0D 5D >,92
117.035,23:23:49.029,010C,1,41 0C 3C C4 41 0C 3C C9 >,3889
117.602,23:23:49.320,010D,1,41 0D 5F 41 0D 5F >,95
117.602,23:23:49.643,010C,1,41 0C 3D F1 41 0C 3D F0 >,3964.25
118.216,23:23:49.937,010D,1,41 0D 60 41 0D 61 >,96
118.216,23:23:50.246,010C,1,41 0C 3F 5F 41 0C 3F 4B >,4055.75
118.833,23:23:50.552,010D,1,41 0D 62 41 0D 63 >,98
118.833,23:23:50.830,010C,1,41 0C 40 83 41 0C 40 72 >,4128.75
119.418,23:23:51.137,010D,1,41 0D 64 41 0D 65 >,100
119.418,23:23:51.490,010C,1,41 0C 3F C6 41 0C 3F BA >,4081.5
120.063,23:23:51.782,010D,1,41 0D 64 41 0D 63 >,100
120.063,23:23:52.090,010C,1,41 0C 3F B7 41 0C 3F C2 >,4077.75
120.663,23:23:52.383,010D,1,41 0D 62 41 0D 62 >,98
120.663,23:23:52.646,010C,1,41 0C 3E C0 41 0C 3E DA >,4016
121.219,23:23:52.983,010D,1,41 0D 61 41 0D 60 >,97
121.219,23:23:53.293,010C,1,41 0C 3D 82 41 0C 3D A1 >,3936.5
121.882,23:23:53.602,010D,1,41 0D 60 41 0D 5E >,96
121.882,23:23:53.878,010C,1,41 0C 3C 8D 41 0C 3C 85 >,3875.25
122.451,23:23:54.173,010D,1,41 0D 5F 41 0D 5D >,95
122.451,23:23:54.481,010C,1,41 0C 3B 63 41 0C 3B 7F >,3800.75
123.053,23:23:54.821,010D,1,41 0D 5C 41 0D 5B >,92
123.053,23:23:55.097,010C,1,41 0C 39 C0 41 0C 39 AF >,3696
123.670,23:23:55.390,010D,1,41 0D 5A 41 0D 58 >,90
123.670,23:23:55.698,010C,1,41 0C 38 00 41 0C 38 05 >,3584
124.286,23:23:56.005,010D,1,41 0D 57 41 0D 55 >,87
124.286,23:23:56.284,010C,1,41 0C 36 3B 41 0C 36 53 >,3470.75
124.857,23:23:56.622,010D,1,41 0D 55 41 0D 52 >,85
124.857,23:23:56.930,010C,1,41 0C 34 3E 41 0C 34 52 >,3343.5
125.503,23:23:57.224,010D,1,41 0D 51 41 0D 4F >,81
125.503,23:23:57.501,010C,1,41 0C 32 0F 41 0C 32 24 >,3203.75
126.074,23:23:57.840,010D,1,41 0D 4D 41 0D 4C >,77
126.074,23:23:58.149,010C,1,41 0C 30 51 41 0C 30 65 >,3092.25
126.738,23:23:58.504,010D,1,41 0D 4B 41 0D 4A >,75
126.738,23:23:58.781,010C,1,41 0C 2F 20 41 0C 2F 31 >,3016
127.354,23:23:59.076,010D,1,41 0D 49 41 0D 48 >,73
127.354,23:23:59.383,010C,1,41 0C 2D 85 41 0C 2D 95 >,2913.25
127.956,23:23:59.691,010D,1,41 0D 47 41 0D 45 >,71
127.956,23:23:59.999,010C,1,41 0C 2B 6B 41 0C 2B 6B >,2778.75
128.572,23:24:00.291,010D,1,41 0D 43 41 0D 41 >,67
128.572,23:24:00.598,010C,1,41 0C 29 66 41 0C 29 69 >,2649.5
129.186,23:24:00.905,010D,1,41 0D 41 41 0D 3F >,65
129.186,23:24:01.167,010C,1,41 0C 27 C8 41 0C 27 D3 >,2546
129.740,23:24:01.460,010D,1,41 0D 3E 41 0D 3C >,62
129.740,23:24:01.784,010C,1,41 0C 25 FD 41 0C 26 13 >,2431.25
130.356,23:24:02.076,010D,1,41 0D 3A 41 0D 39 >,58
130.356,23:24:02.387,010C,1,41 0C 24 20 41 0C 24 2B >,2312
130.959,23:24:02.664,010D,1,41 0D 38 41 0D 36 >,56
130.959,23:24:02.988,010C,1,41 0C 21 44 41 0C 21 4B >,2129
131.576,23:24:03.341,010D,1,41 0D 33 41 0D 31 >,51
131.576,23:24:03.649,010C,1,41 0C 1D B7 41 0C 1D D6 >,1901.75
132.222,23:24:04.003,010D,1,41 0D 2E 41 0D 2B >,46
132.222,23:24:04.264,010C,1,41 0C 1A 00 41 0C 1A 07 >,1664
132.837,23:24:04.589,010D,1,41 0D 29 41 0D 25 >,41
132.837,23:24:04.897,010C,1,41 0C 18 A7 41 0C 18 5E >,1577.75
133.470,23:24:05.190,010D,1,41 0D 21 41 0D 1E >,33
133.470,23:24:05.497,010C,1,41 0C 1A 58 41 0C 1A 58 >,1686
134.085,23:24:05.804,010D,1,41 0D 1B 41 0D 18 >,27
134.085,23:24:06.081,010C,1,41 0C 13 F4 41 0C 14 8C >,1277
134.654,23:24:06.376,010D,1,41 0D 15 41 0D 12 >,21
134.654,23:24:06.638,010C,1,41 0C 11 33 41 0C 11 33 >,1100.75
135.211,23:24:06.962,010D,1,41 0D 10 41 0D 0D >,16
135.211,23:24:07.285,010C,1,41 0C 0D 8A 41 0C 0D 8A >,866.5
135.857,23:24:07.577,010D,1,41 0D 0A 41 0D 07 >,10
135.857,23:24:07.838,010C,1,41 0C 0D 7F 41 0C 0D 7F >,863.75
136.426,23:24:08.147,010D,1,41 0D 06 41 0D 03 >,6
136.426,23:24:08.423,010C,1,41 0C 0B 28 41 0C 0A EA >,714
137.011,23:24:08.776,010D,1,41 0D 03 41 0D 00 >,3
137.011,23:24:09.084,010C,1,41 0C 0D 12 41 0C 0D 12 >,836.5
137.657,23:24:09.423,010D,1,41 0D 00 41 0D 00 >,0
137.657,23:24:09.730,010C,1,41 0C 0D 4F 41 0C 0D 4F >,851.75
138.303,23:24:10.069,010D,1,41 0D 00 41 0D 00 >,0
138.303,23:24:10.410,010C,1,41 0C 0D 6C 41 0C 0D 6C >,859
138.998,23:24:10.717,010D,1,41 0D 00 41 0D 00 >,0
138.998,23:24:10.979,010C,1,41 0C 0D B6 41 0C 0D B6 >,877.5
139.552,23:24:11.319,010D,1,41 0D 00 41 0D 00 >,0
139.552,23:24:11.630,010C,1,41 0C 0D 80 41 0C 0D 78 >,864
140.203,23:24:11.969,010D,1,41 0D 00 41 0D 00 >,0
140.203,23:24:12.278,010C,1,41 0C 0D 66 41 0C 0D 66 >,857.5
140.851,23:24:12.572,010D,1,41 0D 00 41 0D 00 >,0
140.851,23:24:12.881,010C,1,41 0C 0D 75 41 0C 0D 75 >,861.25
141.469,23:24:13.235,010D,1,41 0D 00 41 0D 00 >,0
141.469,23:24:13.543,010C,1,41 0C 0D 71 41 0C 0D 71 >,860.25
142.117,23:24:13.837,010D,1,41 0D 00 41 0D 00 >,0
142.117,23:24:14.160,010C,1,41 0C 0D 4B 41 0C 0D 4B >,850.75
142.732,23:24:14.452,010D,1,41 0D 00 41 0D 00 >,0
142.732,23:24:14.761,010C,1,41 0C 0D 7E 41 0C 0D 7E >,863.5
143.348,23:24:15.067,010D,1,41 0D 00 41 0D 00 >,0
143.348,23:24:15.390,010C,1,41 0C 0D 70 41 0C 0D 70 >,860
143.978,23:24:15.728,010D,1,41 0D 00 41 0D 00 >,0
143.978,23:24:16.036,010C,1,41 0C 0D 2B 41 0C 0D 2B >,842.75
144.624,23:24:16.388,010D,1,41 0D 00 41 0D 00 >,0
144.624,23:24:16.649,010C,1,41 0C 0D 37 41 0C 0D 3A >,845.75
145.222,23:24:17.004,010D,1,41 0D 00 41 0D 00 >,0
145.222,23:24:17.281,010C,1,41 0C 0D 4B 41 0C 0D 4B >,850.75
145.853,23:24:17.623,010D,1,41 0D 00 41 0D 00 >,0
145.853,23:24:17.934,010C,1,41 0C 0D 6D 41 0C 0D 6D >,859.25
146.522,23:24:18.274,010D,1,41 0D 00 41 0D 00 >,0
146.522,23:24:18.582,010C,1,41 0C 0D 3D 41 0C 0D 3D >,847.25
147.171,23:24:18.937,010D,1,41 0D 00 41 0D 01 >,0
147.171,23:24:19.199,010C,1,41 0C 0D 07 41 0C 0D 07 >,833.75
147.772,23:24:19.537,010D,1,41 0D 01 41 0D 03 >,1
147.772,23:24:19.814,010C,1,41 0C 0F 1E 41 0C 0E FC >,967.5
148.386,23:24:20.138,010D,1,41 0D 03 41 0D 04 >,3
148.386,23:24:20.445,010C,1,41 0C 0F 32 41 0C 0F 30 >,972.5
149.034,23:24:20.768,010D,1,41 0D 05 41 0D 06 >,5
149.034,23:24:21.030,010C,1,41 0C 0E B9 41 0C 0E BD >,942.25
149.603,23:24:21.321,010D,1,41 0D 06 41 0D 07 >,6
149.603,23:24:21.597,010C,1,41 0C 0E C8 41 0C 0E C8 >,946
150.170,23:24:21.889,010D,1,41 0D 06 41 0D 07 >,6
150.170,23:24:22.150,010C,1,41 0C 0F 9E 41 0C 0F 97 >,999.5
150.723,23:24:22.456,010D,1,41 0D 07 41 0D 07 >,7
150.723,23:24:22.719,010C,1,41 0C 10 46 41 0C 10 42 >,1041.5
151.307,23:24:23.026,010D,1,41 0D 07 41 0D 08 >,7
151.307,23:24:23.286,010C,1,41 0C 10 E1 41 0C 10 D7 >,1080.25
151.859,23:24:23.578,010D,1,41 0D 07 41 0D 08 >,7
151.859,23:24:23.840,010C,1,41 0C 10 CB 41 0C 10 D7 >,1074.75
152.412,23:24:24.162,010D,1,41 0D 07 41 0D 08 >,7
152.412,23:24:24.441,010C,1,41 0C 0F EB 41 0C 0F F6 >,1018.75
153.013,23:24:24.733,010D,1,41 0D 07 41 0D 08 >,7
153.013,23:24:25.041,010C,1,41 0C 0C 64 41 0C 0C 7C >,793
153.629,23:24:25.395,010D,1,41 0D 07 41 0D 07 >,7
153.629,23:24:25.671,010C,1,41 0C 0C A3 41 0C 0C A3 >,808.75
154.243,23:24:25.962,010D,1,41 0D 06 41 0D 06 >,6
154.243,23:24:26.238,010C,1,41 0C 0C B3 41 0C 0C AF >,812.75
154.811,23:24:26.529,010D,1,41 0D 05 41 0D 05 >,5
154.811,23:24:26.838,010C,1,41 0C 0C 81 41 0C 0C 78 >,800.25
155.411,23:24:27.177,010D,1,41 0D 05 41 0D 05 >,5
155.411,23:24:27.452,010C,1,41 0C 0E 4F 41 0C 0E 10 >,915.75
156.041,23:24:27.760,010D,1,41 0D 05 41 0D 05 >,5
156.041,23:24:28.021,010C,1,41 0C 11 DF 41 0C 11 DF >,1143.75
156.594,23:24:28.313,010D,1,41 0D 05 41 0D 05 >,5
156.594,23:24:28.622,010C,1,41 0C 15 19 41 0C 15 19 >,1350.25
157.194,23:24:28.946,010D,1,41 0D 05 41 0D 06 >,5
157.194,23:24:29.269,010C,1,41 0C 14 BC 41 0C 14 C7 >,1327
157.843,23:24:29.562,010D,1,41 0D 06 41 0D 07 >,6
157.843,23:24:29.824,010C,1,41 0C 14 35 41 0C 14 2B >,1293.25
158.413,23:24:30.132,010D,1,41 0D 07 41 0D 08 >,7
158.413,23:24:30.408,010C,1,41 0C 14 8A 41 0C 14 87 >,1314.5
158.981,23:24:30.701,010D,1,41 0D 08 41 0D 09 >,8
158.981,23:24:31.009,010C,1,41 0C 15 87 41 0C 15 66 >,1377.75
159.582,23:24:31.287,010D,1,41 0D 0A 41 0D 0A >,10
159.582,23:24:31.582,010C,1,41 0C 1E 2D 41 0C 1D FA >,1931.25
160.169,23:24:31.936,010D,1,41 0D 0C 41 0D 0E >,12
160.169,23:24:32.196,010C,1,41 0C 21 34 41 0C 21 02 >,2125
160.784,23:24:32.520,010D,1,41 0D 0F 41 0D 11 >,15
160.784,23:24:32.828,010C,1,41 0C 25 E3 41 0C 25 CA >,2424.75
161.400,23:24:33.119,010D,1,41 0D 12 41 0D 14 >,18
161.400,23:24:33.427,010C,1,41 0C 2A 85 41 0C 2A 61 >,2721.25
161.999,23:24:33.765,010D,1,41 0D 15 41 0D 16 >,21
161.999,23:24:34.074,010C,1,41 0C 22 23 41 0C 22 98 >,2184.75
162.647,23:24:34.366,010D,1,41 0D 17 41 0D 19 >,23
162.647,23:24:34.643,010C,1,41 0C 1F D0 41 0C 1F D0 >,2036
163.230,23:24:34.952,010D,1,41 0D 1A 41 0D 1B >,26
163.230,23:24:35.261,010C,1,41 0C 21 DB 41 0C 21 C5 >,2166.75
163.834,23:24:35.598,010D,1,41 0D 1B 41 0D 1D >,27
163.834,23:24:35.875,010C,1,41 0C 23 9B 41 0C 23 97 >,2278.75
164.448,23:24:36.167,010D,1,41 0D 1E 41 0D 1F >,30
164.448,23:24:36.474,010C,1,41 0C 26 43 41 0C 26 26 >,2448.75
165.047,23:24:36.813,010D,1,41 0D 20 41 0D 22 >,32
165.047,23:24:37.122,010C,1,41 0C 29 13 41 0C 29 13 >,2628.75
165.710,23:24:37.431,010D,1,41 0D 23 41 0D 25 >,35
165.710,23:24:37.754,010C,1,41 0C 2B 44 41 0C 2B 44 >,2769
166.327,23:24:38.047,010D,1,41 0D 26 41 0D 28 >,38
166.327,23:24:38.355,010C,1,41 0C 2D AD 41 0C 2D 9F >,2923.25
166.927,23:24:38.647,010D,1,41 0D 29 41 0D 2B >,41
166.927,23:24:38.925,010C,1,41 0C 2E BC 41 0C 2E BA >,2991
167.498,23:24:39.265,010D,1,41 0D 2B 41 0D 2D >,43
167.498,23:24:39.573,010C,1,41 0C 2F 3B 41 0C 2F 42 >,3022.75
168.162,23:24:39.927,010D,1,41 0D 2F 41 0D 31 >,47
168.162,23:24:40.203,010C,1,41 0C 30 E1 41 0C 30 E9 >,3128.25
168.775,23:24:40.494,010D,1,41 0D 32 41 0D 33 >,50
168.775,23:24:40.803,010C,1,41 0C 33 69 41 0C 33 56 >,3290.25
169.376,23:24:41.095,010D,1,41 0D 34 41 0D 36 >,52
169.376,23:24:41.403,010C,1,41 0C 36 17 41 0C 36 09 >,3461.75
169.976,23:24:41.728,010D,1,41 0D 38 41 0D 39 >,56
169.976,23:24:41.990,010C,1,41 0C 38 D6 41 0C 38 D1 >,3637.5
170.578,23:24:42.299,010D,1,41 0D 3A 41 0D 3C >,58
170.578,23:24:42.608,010C,1,41 0C 3B 74 41 0C 3B 62 >,3805
171.181,23:24:42.947,010D,1,41 0D 3D 41 0D 3F >,61
171.181,23:24:43.255,010C,1,41 0C 3E 9D 41 0C 3E 8E >,4007.25
171.827,23:24:43.548,010D,1,41 0D 41 41 0D 42 >,65
171.827,23:24:43.811,010C,1,41 0C 41 8D 41 0C 41 7C >,4195.25
172.384,23:24:44.104,010D,1,41 0D 43 41 0D 45 >,67
172.384,23:24:44.412,010C,1,41 0C 44 53 41 0C 44 4C >,4372.75
173.001,23:24:44.737,010D,1,41 0D 46 41 0D 48 >,70
173.001,23:24:45.045,010C,1,41 0C 47 21 41 0C 47 07 >,4552.25
173.617,23:24:45.336,010D,1,41 0D 49 41 0D 4B >,73
173.617,23:24:45.645,010C,1,41 0C 49 F1 41 0C 49 E1 >,4732.25
174.233,23:24:45.952,010D,1,41 0D 4C 41 0D 4E >,76
174.233,23:24:46.259,010C,1,41 0C 4C E0 41 0C 4C D1 >,4920
174.832,23:24:46.597,010D,1,41 0D 50 41 0D 51 >,80
174.832,23:24:46.859,010C,1,41 0C 4F B5 41 0C 4F E4 >,5101.25
175.447,23:24:47.199,010D,1,41 0D 52 41 0D 53 >,82
175.447,23:24:47.507,010C,1,41 0C 52 50 41 0C 52 2B >,5268
176.080,23:24:47.831,010D,1,41 0D 56 41 0D 56 >,86
176.080,23:24:48.139,010C,1,41 0C 4C AD 41 0C 4D 69 >,4907.25
176.712,23:24:48.477,010D,1,41 0D 58 41 0D 59 >,88
176.712,23:24:48.801,010C,1,41 0C 39 DE 41 0C 39 BD >,3703.5
177.374,23:24:49.093,010D,1,41 0D 5A 41 0D 5A >,90
177.374,23:24:49.353,010C,1,41 0C 3A FB 41 0C 3A F0 >,3774.75
177.942,23:24:49.662,010D,1,41 0D 5B 41 0D 5C >,91
177.942,23:24:49.955,010C,1,41 0C 3C 0F 41 0C 3B F2 >,3843.75
178.528,23:24:50.248,010D,1,41 0D 5D 41 0D 5E >,93
178.528,23:24:50.556,010C,1,41 0C 3C EB 41 0C 3C E4 >,3898.75
179.129,23:24:50.910,010D,1,41 0D 5F 41 0D 5F >,95
179.129,23:24:51.170,010C,1,41 0C 3E 25 41 0C 3D FF >,3977.25
179.743,23:24:51.463,010D,1,41 0D 60 41 0D 61 >,96
179.743,23:24:51.771,010C,1,41 0C 3F 18 41 0C 3F 30 >,4038
180.359,23:24:52.124,010D,1,41 0D 62 41 0D 63 >,98
180.359,23:24:52.385,010C,1,41 0C 40 34 41 0C 40 28 >,4109
180.958,23:24:52.723,010D,1,41 0D 64 41 0D 63 >,100
180.958,23:24:53.000,010C,1,41 0C 3F 6E 41 0C 3F 66 >,4059.5
181.573,23:24:53.338,010D,1,41 0D 62 41 0D 61 >,98
181.573,23:24:53.614,010C,1,41 0C 3E 2F 41 0C 3E 4B >,3979.75
182.202,23:24:53.921,010D,1,41 0D 60 41 0D 60 >,96
182.202,23:24:54.183,010C,1,41 0C 3D 2D 41 0C 3D 20 >,3915.25
182.770,23:24:54.490,010D,1,41 0D 5F 41 0D 5E >,95
182.770,23:24:54.767,010C,1,41 0C 3B ED 41 0C 3B EF >,3835.25
183.340,23:24:55.059,010D,1,41 0D 5D 41 0D 5C >,93
183.340,23:24:55.368,010C,1,41 0C 3A 3F 41 0C 3A 3C >,3727.75
183.941,23:24:55.661,010D,1,41 0D 5B 41 0D 59 >,91
183.941,23:24:55.940,010C,1,41 0C 38 3D 41 0C 38 3E >,3599.25
184.527,23:24:56.278,010D,1,41 0D 57 41 0D 55 >,87
184.527,23:24:56.540,010C,1,41 0C 35 82 41 0C 35 98 >,3424.5
185.128,23:24:56.910,010D,1,41 0D 53 41 0D 51 >,83
185.128,23:24:57.216,010C,1,41 0C 32 6D 41 0C 32 6E >,3227.25
185.789,23:24:57.554,010D,1,41 0D 4E 41 0D 4C >,78
185.789,23:24:57.831,010C,1,41 0C 2F 4A 41 0C 2F 6A >,3026.5
186.404,23:24:58.123,010D,1,41 0D 49 41 0D 47 >,73
186.404,23:24:58.384,010C,1,41 0C 2C 6B 41 0C 2C A0 >,2842.75
186.956,23:24:58.691,010D,1,41 0D 46 41 0D 43 >,70
186.956,23:24:58.999,010C,1,41 0C 29 7F 41 0C 29 99 >,2655.75
187.588,23:24:59.355,010D,1,41 0D 3F 41 0D 3E >,63
187.588,23:24:59.619,010C,1,41 0C 26 2E 41 0C 26 35 >,2443.5
188.192,23:24:59.912,010D,1,41 0D 3C 41 0D 39 >,60
188.192,23:25:00.234,010C,1,41 0C 23 49 41 0C 23 49 >,2258.25
188.807,23:25:00.558,010D,1,41 0D 37 41 0D 34 >,55
188.807,23:25:00.865,010C,1,41 0C 20 1D 41 0C 20 2D >,2055.25
189.438,23:25:01.158,010D,1,41 0D 32 41 0D 2F >,50
189.438,23:25:01.421,010C,1,41 0C 1D 53 41 0C 1D 66 >,1876.75
190.009,23:25:01.728,010D,1,41 0D 2E 41 0D 2C >,46
190.009,23:25:02.039,010C,1,41 0C 1B 43 41 0C 1B 43 >,1744.75
190.611,23:25:02.347,010D,1,41 0D 2A 41 0D 28 >,42
190.611,23:25:02.654,010C,1,41 0C 18 5F 41 0C 18 5F >,1559.75
191.227,23:25:02.978,010D,1,41 0D 25 41 0D 22 >,37
191.227,23:25:03.285,010C,1,41 0C 18 0E 41 0C 17 53 >,1539.5
191.859,23:25:03.579,010D,1,41 0D 1F 41 0D 1C >,31
191.859,23:25:03.887,010C,1,41 0C 18 15 41 0C 18 3B >,1541.25
192.475,23:25:04.179,010D,1,41 0D 1A 41 0D 16 >,26
192.475,23:25:04.456,010C,1,41 0C 14 0A 41 0C 13 D9 >,1282.5
193.029,23:25:04.749,010D,1,41 0D 15 41 0D 13 >,21
193.029,23:25:05.057,010C,1,41 0C 12 15 41 0C 12 15 >,1157.25
193.629,23:25:05.396,010D,1,41 0D 14 41 0D 13 >,20
193.629,23:25:05.672,010C,1,41 0C 10 9B 41 0C 10 B2 >,1062.75
194.244,23:25:05.964,010D,1,41 0D 12 41 0D 12 >,18
194.244,23:25:06.271,010C,1,41 0C 0F D1 41 0C 0F D1 >,1012.25
194.860,23:25:06.579,010D,1,41 0D 11 41 0D 11 >,17
194.860,23:25:06.888,010C,1,41 0C 0E 7F 41 0C 0E B4 >,927.75
195.460,23:25:07.180,010D,1,41 0D 11 41 0D 10 >,17
195.460,23:25:07.456,010C,1,41 0C 0D FA 41 0C 0E 0C >,894.5
196.029,23:25:07.750,010D,1,41 0D 0F 41 0D 0E >,15
196.029,23:25:08.011,010C,1,41 0C 0D 53 41 0C 0D 53 >,852.75
196.598,23:25:08.333,010D,1,41 0D 0D 41 0D 0D >,13
196.598,23:25:08.608,010C,1,41 0C 0D 46 41 0C 0D 46 >,849.5
197.197,23:25:08.916,010D,1,41 0D 0C 41 0D 0C >,12
197.197,23:25:09.177,010C,1,41 0C 0D 50 41 0C 0D 50 >,852
197.765,23:25:09.484,010D,1,41 0D 0C 41 0D 0B >,12
197.765,23:25:09.792,010C,1,41 0C 0C E2 41 0C 0C E7 >,824.5
198.364,23:25:10.084,010D,1,41 0D 0B 41 0D 0B >,11
198.364,23:25:10.362,010C,1,41 0C 0C C8 41 0C 0C C7 >,818
198.935,23:25:10.654,010D,1,41 0D 0B 41 0D 0B >,11
198.935,23:25:10.961,010C,1,41 0C 0D 0B 41 0C 0C EB >,834.75
199.550,23:25:11.284,010D,1,41 0D 0B 41 0D 0B >,11
199.550,23:25:11.593,010C,1,41 0C 0C B8 41 0C 0C B8 >,814
200.166,23:25:11.887,010D,1,41 0D 0A 41 0D 0B >,10
200.166,23:25:12.150,010C,1,41 0C 0C C3 41 0C 0C C3 >,816.75
200.723,23:25:12.444,010D,1,41 0D 0A 41 0D 0A >,10
200.723,23:25:12.758,010C,1,41 0C 0C C8 41 0C 0C C8 >,818
201.330,23:25:13.066,010D,1,41 0D 0A 41 0D 0A >,10
201.330,23:25:13.373,010C,1,41 0C 0C D4 41 0C 0C D0 >,821
201.961,23:25:13.681,010D,1,41 0D 0A 41 0D 0A >,10
201.961,23:25:13.942,010C,1,41 0C 0E C8 41 0C 0E C8 >,946
202.515,23:25:14.236,010D,1,41 0D 0A 41 0D 0B >,10
202.515,23:25:14.544,010C,1,41 0C 12 D9 41 0C 12 BC >,1206.25
203.117,23:25:14.868,010D,1,41 0D 0B 41 0D 0C >,11
203.117,23:25:15.191,010C,1,41 0C 13 63 41 0C 13 67 >,1240.75
203.764,23:25:15.484,010D,1,41 0D 0C 41 0D 0D >,12
203.764,23:25:15.794,010C,1,41 0C 13 13 41 0C 13 13 >,1220.75
204.382,23:25:16.102,010D,1,41 0D 0D 41 0D 0E >,13
204.382,23:25:16.425,010C,1,41 0C 13 6F 41 0C 13 4A >,1243.75
204.998,23:25:16.763,010D,1,41 0D 0D 41 0D 0F >,13
204.998,23:25:17.071,010C,1,41 0C 13 F9 41 0C 14 0E >,1278.25
205.644,23:25:17.378,010D,1,41 0D 0F 41 0D 0F >,15
205.644,23:25:17.639,010C,1,41 0C 11 DB 41 0C 11 DB >,1142.75
206.212,23:25:17.930,010D,1,41 0D 0F 41 0D 10 >,15
206.212,23:25:18.239,010C,1,41 0C 12 D6 41 0C 12 B2 >,1205.5
206.828,23:25:18.593,010D,1,41 0D 10 41 0D 10 >,16
206.828,23:25:18.902,010C,1,41 0C 14 1F 41 0C 14 1F >,1287.75
207.474,23:25:19.226,010D,1,41 0D 10 41 0D 11 >,16
207.474,23:25:19.502,010C,1,41 0C 14 71 41 0C 14 71 >,1308.25
208.075,23:25:19.794,010D,1,41 0D 10 41 0D 11 >,16
208.075,23:25:20.102,010C,1,41 0C 14 E1 41 0C 14 D9 >,1336.25
208.675,23:25:20.395,010D,1,41 0D 11 41 0D 11 >,17
208.675,23:25:20.674,010C,1,41 0C 15 CE 41 0C 15 BE >,1395.5
209.263,23:25:21.029,010D,1,41 0D 11 41 0D 12 >,17
209.263,23:25:21.290,010C,1,41 0C 19 48 41 0C 19 2B >,1618
209.862,23:25:21.595,010D,1,41 0D 12 41 0D 14 >,18
209.862,23:25:21.905,010C,1,41 0C 1B BA 41 0C 1B B5 >,1774.5
210.478,23:25:22.198,010D,1,41 0D 14 41 0D 15 >,20
210.478,23:25:22.460,010C,1,41 0C 1C AA 41 0C 1C A6 >,1834.5
211.032,23:25:22.752,010D,1,41 0D 16 41 0D 17 >,22
211.032,23:25:23.061,010C,1,41 0C 1D AB 41 0C 1D AA >,1898.75
211.649,23:25:23.368,010D,1,41 0D 17 41 0D 19 >,23
211.649,23:25:23.629,010C,1,41 0C 1E 8D 41 0C 1E 96 >,1955.25
212.218,23:25:23.938,010D,1,41 0D 19 41 0D 1B >,25
212.218,23:25:24.245,010C,1,41 0C 1D 5A 41 0C 1D 6E >,1878.5
212.817,23:25:24.523,010D,1,41 0D 1B 41 0D 1B >,27
212.817,23:25:24.833,010C,1,41 0C 1D 7C 41 0C 1D 81 >,1887
213.405,23:25:25.125,010D,1,41 0D 1B 41 0D 1C >,27
213.405,23:25:25.434,010C,1,41 0C 1E 61 41 0C 1E 47 >,1944.25
214.023,23:25:25.742,010D,1,41 0D 1B 41 0D 1C >,27
214.023,23:25:26.019,010C,1,41 0C 1F 1F 41 0C 1F 39 >,1991.75
214.591,23:25:26.312,010D,1,41 0D 1C 41 0D 1C >,28
214.591,23:25:26.621,010C,1,41 0C 1B E5 41 0C 1B F7 >,1785.25
215.194,23:25:26.913,010D,1,41 0D 1C 41 0D 1C >,28
215.194,23:25:27.190,010C,1,41 0C 1B CB 41 0C 1B AF >,1778.75
215.762,23:25:27.528,010D,1,41 0D 1C 41 0D 1C >,28
215.762,23:25:27.836,010C,1,41 0C 1E 93 41 0C 1E 93 >,1956.75
216.424,23:25:28.160,010D,1,41 0D 1C 41 0D 1D >,28
216.424,23:25:28.467,010C,1,41 0C 1C BE 41 0C 1C E8 >,1839.5
217.040,23:25:28.759,010D,1,41 0D 1C 41 0D 1D >,28
217.040,23:25:29.022,010C,1,41 0C 17 66 41 0C 17 EF >,1497.5
217.595,23:25:29.313,010D,1,41 0D 1C 41 0D 1C >,28
217.595,23:25:29.620,010C,1,41 0C 15 C4 41 0C 15 C4 >,1393
218.193,23:25:29.958,010D,1,41 0D 1B 41 0D 1B >,27
218.193,23:25:30.234,010C,1,41 0C 1A 35 41 0C 1A 1B >,1677.25
218.823,23:25:30.542,010D,1,41 0D 1B 41 0D 1B >,27
218.823,23:25:30.850,010C,1,41 0C 1A 5A 41 0C 1A 5F >,1686.5
219.423,23:25:31.158,010D,1,41 0D 1B 41 0D 1B >,27
219.423,23:25:31.465,010C,1,41 0C 1A 0E 41 0C 1A 0E >,1667.5
220.038,23:25:31.757,010D,1,41 0D 1A 41 0D 1A >,26
220.038,23:25:32.035,010C,1,41 0C 18 EF 41 0C 18 ED >,1595.75
220.607,23:25:32.327,010D,1,41 0D 1A 41 0D 19 >,26
220.607,23:25:32.589,010C,1,41 0C 17 AD 41 0C 17 B6 >,1515.25
221.178,23:25:32.943,010D,1,41 0D 19 41 0D 17 >,25
221.178,23:25:33.219,010C,1,41 0C 16 60 41 0C 16 69 >,1432
221.792,23:25:33.512,010D,1,41 0D 16 41 0D 16 >,22
221.792,23:25:33.773,010C,1,41 0C 15 1E 41 0C 15 1E >,1351.5
222.346,23:25:34.081,010D,1,41 0D 15 41 0D 15 >,21
222.346,23:25:34.388,010C,1,41 0C 13 D9 41 0C 13 D8 >,1270.25
222.961,23:25:34.681,010D,1,41 0D 14 41 0D 14 >,20
222.961,23:25:34.942,010C,1,41 0C 13 BD 41 0C 13 BD >,1263.25
223.531,23:25:35.250,010D,1,41 0D 14 41 0D 14 >,20
223.531,23:25:35.511,010C,1,41 0C 13 9C 41 0C 13 B6 >,1255
224.084,23:25:35.836,010D,1,41 0D 14 41 0D 14 >,20
224.084,23:25:36.145,010C,1,41 0C 13 37 41 0C 13 51 >,1229.75
224.718,23:25:36.439,010D,1,41 0D 14 41 0D 14 >,20
224.718,23:25:36.700,010C,1,41 0C 13 30 41 0C 13 30 >,1228
225.273,23:25:37.023,010D,1,41 0D 14 41 0D 13 >,20
225.273,23:25:37.298,010C,1,41 0C 13 14 41 0C 13 14 >,1221
225.887,23:25:37.605,010D,1,41 0D 14 41 0D 14 >,20
225.887,23:25:37.912,010C,1,41 0C 15 92 41 0C 15 87 >,1380.5
226.485,23:25:38.251,010D,1,41 0D 14 41 0D 14 >,20
226.485,23:25:38.512,010C,1,41 0C 15 FB 41 0C 16 06 >,1406.75
227.085,23:25:38.804,010D,1,41 0D 14 41 0D 15 >,20
227.085,23:25:39.082,010C,1,41 0C 15 D5 41 0C 15 D5 >,1397.25
227.655,23:25:39.373,010D,1,41 0D 15 41 0D 15 >,21
227.655,23:25:39.634,010C,1,41 0C 15 9E 41 0C 15 AA >,1383.5
228.223,23:25:39.942,010D,1,41 0D 15 41 0D 15 >,21
228.223,23:25:40.265,010C,1,41 0C 15 3F 41 0C 15 3E >,1359.75
228.837,23:25:40.557,010D,1,41 0D 15 41 0D 15 >,21
228.837,23:25:40.865,010C,1,41 0C 14 BE 41 0C 14 B6 >,1327.5
229.438,23:25:41.159,010D,1,41 0D 15 41 0D 16 >,21
229.438,23:25:41.467,010C,1,41 0C 14 6E 41 0C 14 83 >,1307.5
230.040,23:25:41.760,010D,1,41 0D 15 41 0D 16 >,21
230.040,23:25:42.022,010C,1,41 0C 13 E3 41 0C 13 E3 >,1272.75
230.612,23:25:42.346,010D,1,41 0D 15 41 0D 16 >,21
230.612,23:25:42.611,010C,1,41 0C 12 E0 41 0C 12 E0 >,1208
231.184,23:25:42.907,010D,1,41 0D 15 41 0D 15 >,21
231.184,23:25:43.170,010C,1,41 0C 13 17 41 0C 13 17 >,1221.75
231.743,23:25:43.449,010D,1,41 0D 15 41 0D 15 >,21
231.743,23:25:43.710,010C,1,41 0C 12 23 41 0C 12 23 >,1160.75
232.283,23:25:44.018,010D,1,41 0D 14 41 0D 14 >,20
232.283,23:25:44.325,010C,1,41 0C 11 95 41 0C 11 95 >,1125.25
232.914,23:25:44.634,010D,1,41 0D 14 41 0D 13 >,20
232.914,23:25:44.910,010C,1,41 0C 10 C9 41 0C 10 C9 >,1074.25
233.483,23:25:45.203,010D,1,41 0D 11 41 0D 11 >,17
233.483,23:25:45.510,010C,1,41 0C 0F 79 41 0C 0F 79 >,990.25
234.083,23:25:45.802,010D,1,41 0D 0F 41 0D 0D >,15
234.083,23:25:46.077,010C,1,41 0C 0D 5D 41 0C 0D 5D >,855.25
234.650,23:25:46.370,010D,1,41 0D 0C 41 0D 0A >,12
234.650,23:25:46.630,010C,1,41 0C 0D 05 41 0C 0C E4 >,833.25
235.218,23:25:46.984,010D,1,41 0D 08 41 0D 06 >,8
235.218,23:25:47.291,010C,1,41 0C 0C 55 41 0C 0C 68 >,789.25
235.864,23:25:47.630,010D,1,41 0D 03 41 0D 02 >,3
235.864,23:25:47.955,010C,1,41 0C 0D 92 41 0C 0D 92 >,868.5
236.543,23:25:48.309,010D,1,41 0D 01 41 0D 00 >,1
236.543,23:25:48.620,010C,1,41 0C 0D 80 41 0C 0D 7D >,864
237.192,23:25:48.945,010D,1,41 0D 00 41 0D 00 >,0
237.192,23:25:49.269,010C,1,41 0C 0D 63 41 0C 0D 6D >,856.75
237.858,23:25:49.578,010D,1,41 0D 00 41 0D 00 >,0
237.858,23:25:49.886,010C,1,41 0C 0D 7F 41 0C 0D 7F >,863.75
238.459,23:25:50.180,010D,1,41 0D 00 41 0D 00 >,0
238.459,23:25:50.504,010C,1,41 0C 0D 7A 41 0C 0D 88 >,862.5
239.077,23:25:50.796,010D,1,41 0D 00 41 0D 00 >,0
239.077,23:25:51.059,010C,1,41 0C 0D 62 41 0C 0D 6F >,856.5
239.632,23:25:51.350,010D,1,41 0D 00 41 0D 00 >,0
239.632,23:25:51.673,010C,1,41 0C 0D 5A 41 0C 0D 50 >,854.5
240.262,23:25:52.028,010D,1,41 0D 00 41 0D 00 >,0
240.262,23:25:52.337,010C,1,41 0C 0D 54 41 0C 0D 54 >,853
240.910,23:25:52.630,010D,1,41 0D 00 41 0D 00 >,0
240.910,23:25:52.909,010C,1,41 0C 0D 63 41 0C 0D 63 >,856.75
241.482,23:25:53.202,010D,1,41 0D 00 41 0D 00 >,0
241.482,23:25:53.509,010C,1,41 0C 0D 44 41 0C 0D 62 >,849
242.081,23:25:53.815,010D,1,41 0D 00 41 0D 00 >,0
242.081,23:25:54.125,010C,1,41 0C 0D 37 41 0C 0D 27 >,845.75
242.713,23:25:54.432,010D,1,41 0D 00 41 0D 00 >,0
242.713,23:25:54.739,010C,1,41 0C 0C 7F 41 0C 0C 88 >,799.75
243.312,23:25:55.032,010D,1,41 0D 00 41 0D 00 >,0
243.312,23:25:55.340,010C,1,41 0C 0D 4E 41 0C 0D 49 >,851.5
243.913,23:25:55.631,010D,1,41 0D 00 41 0D 00 >,0
243.913,23:25:55.907,010C,1,41 0C 0D 3D 41 0C 0D 38 >,847.25
244.480,23:25:56.229,010D,1,41 0D 00 41 0D 00 >,0
244.480,23:25:56.537,010C,1,41 0C 0C F4 41 0C 0C F4 >,829
245.126,23:25:56.847,010D,1,41 0D 00 41 0D 00 >,0
245.126,23:25:57.154,010C,1,41 0C 0D 1C 41 0C 0D 1C >,839
245.727,23:25:57.492,010D,1,41 0D 00 41 0D 00 >,0
245.727,23:25:57.768,010C,1,41 0C 0D 5C 41 0C 0D 4C >,855
246.341,23:25:58.060,010D,1,41 0D 00 41 0D 00 >,0
246.341,23:25:58.367,010C,1,41 0C 0D 95 41 0C 0D 81 >,869.25
246.940,23:25:58.675,010D,1,41 0D 00 41 0D 00 >,0
246.940,23:25:58.982,010C,1,41 0C 15 4D 41 0C 15 4D >,1363.25
247.570,23:25:59.290,010D,1,41 0D 00 41 0D 02 >,0
247.570,23:25:59.612,010C,1,41 0C 19 CC 41 0C 19 CD >,1651
248.184,23:25:59.904,010D,1,41 0D 03 41 0D 06 >,3
248.184,23:26:00.210,010C,1,41 0C 18 EE 41 0C 18 F3 >,1595.5
248.783,23:26:00.517,010D,1,41 0D 06 41 0D 09 >,6
248.783,23:26:00.779,010C,1,41 0C 13 7B 41 0C 14 0A >,1246.75
249.353,23:26:01.073,010D,1,41 0D 08 41 0D 09 >,8
249.353,23:26:01.381,010C,1,41 0C 0F E4 41 0C 0F E4 >,1017
249.970,23:26:01.691,010D,1,41 0D 08 41 0D 09 >,8
249.970,23:26:01.951,010C,1,41 0C 15 92 41 0C 15 6A >,1380.5
250.524,23:26:02.278,010D,1,41 0D 08 41 0D 0A >,8
250.524,23:26:02.586,010C,1,41 0C 15 0D 41 0C 15 0D >,1347.25
251.159,23:26:02.894,010D,1,41 0D 0A 41 0D 0A >,10
251.159,23:26:03.203,010C,1,41 0C 10 3B 41 0C 10 3B >,1038.75
251.776,23:26:03.494,010D,1,41 0D 0A 41 0D 09 >,10
251.776,23:26:03.816,010C,1,41 0C 0E 64 41 0C 0E 68 >,921
252.404,23:26:04.168,010D,1,41 0D 08 41 0D 08 >,8
252.404,23:26:04.477,010C,1,41 0C 0D BD 41 0C 0D BE >,879.25
253.050,23:26:04.770,010D,1,41 0D 07 41 0D 07 >,7
253.050,23:26:05.049,010C,1,41 0C 0C F4 41 0C 0D 12 >,829
253.622,23:26:05.343,010D,1,41 0D 06 41 0D 06 >,6
253.622,23:26:05.605,010C,1,41 0C 0D 1A 41 0C 0D 1A >,838.5
254.178,23:26:05.897,010D,1,41 0D 06 41 0D 05 >,6
254.178,23:26:06.219,010C,1,41 0C 0D 3A 41 0C 0D 3A >,846.5
254.809,23:26:06.528,010D,1,41 0D 05 41 0D 03 >,5
254.809,23:26:06.837,010C,1,41 0C 0D 95 41 0C 0D 91 >,869.25
255.409,23:26:07.191,010D,1,41 0D 02 41 0D 00 >,2
255.409,23:26:07.499,010C,1,41 0C 0D AA 41 0C 0D AB >,874.5
256.072,23:26:07.791,010D,1,41 0D 00 41 0D 00 >,0
256.072,23:26:08.052,010C,1,41 0C 0D 81 41 0C 0D 81 >,864.25
256.625,23:26:08.345,010D,1,41 0D 00 41 0D 00 >,0
256.625,23:26:08.652,010C,1,41 0C 0D 7E 41 0C 0D 7E >,863.5
257.240,23:26:08.962,010D,1,41 0D 00 41 0D 00 >,0
257.240,23:26:09.271,010C,1,41 0C 0D 83 41 0C 0D 83 >,864.75
257.844,23:26:09.567,010D,1,41 0D 00 41 0D 00 >,0
257.844,23:26:09.846,010C,1,41 0C 0D 72 41 0C 0D 73 >,860.5
258.420,23:26:10.141,010D,1,41 0D 00 41 0D 00 >,0
258.420,23:26:10.449,010C,1,41 0C 0D 81 41 0C 0D 80 >,864.25
259.022,23:26:10.786,010D,1,41 0D 00 41 0D 00 >,0
259.022,23:26:11.063,010C,1,41 0C 0D A4 41 0C 0D 8D >,873
259.652,23:26:11.372,010D,1,41 0D 00 41 0D 00 >,0
259.652,23:26:11.632,010C,1,41 0C 0D BF 41 0C 0D BF >,879.75
260.205,23:26:11.924,010D,1,41 0D 00 41 0D 00 >,0
260.205,23:26:12.232,010C,1,41 0C 0D E4 41 0C 0D EB >,889
260.805,23:26:12.559,010D,1,41 0D 00 41 0D 00 >,0
260.805,23:26:12.866,010C,1,41 0C 0D F0 41 0C 0D F0 >,892
261.439,23:26:13.159,010D,1,41 0D 00 41 0D 00 >,0
261.439,23:26:13.465,010C,1,41 0C 0E 15 41 0C 0E 15 >,901.25
262.053,23:26:13.772,010D,1,41 0D 00 41 0D 00 >,0
262.053,23:26:14.096,010C,1,41 0C 0E 05 41 0C 0E 02 >,897.25
262.669,23:26:14.387,010D,1,41 0D 00 41 0D 00 >,0
262.669,23:26:14.695,010C,1,41 0C 0E 06 41 0C 0E 06 >,897.5
263.267,23:26:15.033,010D,1,41 0D 00 41 0D 00 >,0
263.267,23:26:15.340,010C,1,41 0C 0D D0 41 0C 0D D0 >,884
263.912,23:26:15.631,010D,1,41 0D 00 41 0D 00 >,0
263.912,23:26:15.957,010C,1,41 0C 0D F5 41 0C 0D F5 >,893.25
264.545,23:26:16.310,010D,1,41 0D 00 41 0D 00 >,0
264.545,23:26:16.570,010C,1,41 0C 0E 0A 41 0C 0D FF >,898.5
265.142,23:26:16.877,010D,1,41 0D 00 41 0D 00 >,0
265.142,23:26:17.142,010C,1,41 0C 0D DC 41 0C 0D DE >,887
265.730,23:26:17.449,010D,1,41 0D 00 41 0D 00 >,0
265.730,23:26:17.755,010C,1,41 0C 0D E8 41 0C 0D EF >,890
266.328,23:26:18.046,010D,1,41 0D 00 41 0D 00 >,0
266.328,23:26:18.308,010C,1,41 0C 0D F6 41 0C 0D F8 >,893.5
266.897,23:26:18.616,010D,1,41 0D 00 41 0D 00 >,0
266.897,23:26:18.892,010C,1,41 0C 0D FC 41 0C 0D EB >,895
267.465,23:26:19.230,010D,1,41 0D 00 41 0D 00 >,0
267.465,23:26:19.493,010C,1,41 0C 0D FA 41 0C 0D EC >,894.5
268.065,23:26:19.787,010D,1,41 0D 00 41 0D 00 >,0
268.065,23:26:20.064,010C,1,41 0C 0D F6 41 0C 0D F6 >,893.5
268.636,23:26:20.356,010D,1,41 0D 00 41 0D 00 >,0
268.636,23:26:20.618,010C,1,41 0C 0E 0B 41 0C 0E 0B >,898.75
269.207,23:26:20.928,010D,1,41 0D 00 41 0D 00 >,0
269.207,23:26:21.223,010C,1,41 0C 0D EE 41 0C 0D EE >,891.5
269.796,23:26:21.516,010D,1,41 0D 00 41 0D 00 >,0
269.796,23:26:21.825,010C,1,41 0C 0D F6 41 0C 0D F6 >,893.5
270.398,23:26:22.164,010D,1,41 0D 00 41 0D 00 >,0
270.398,23:26:22.427,010C,1,41 0C 0E 11 41 0C 0E 0E >,900.25
271.000,23:26:22.720,010D,1,41 0D 00 41 0D 00 >,0
271.000,23:26:23.030,010C,1,41 0C 0E 0D 41 0C 0E 06 >,899.25
271.618,23:26:23.339,010D,1,41 0D 00 41 0D 00 >,0
271.618,23:26:23.648,010C,1,41 0C 0D CF 41 0C 0D E6 >,883.75
272.221,23:26:23.956,010D,1,41 0D 00 41 0D 00 >,0
272.221,23:26:24.264,010C,1,41 0C 0D FF 41 0C 0E 05 >,895.75
272.852,23:26:24.572,010D,1,41 0D 00 41 0D 00 >,0
272.852,23:26:24.880,010C,1,41 0C 0E 0E 41 0C 0E 0E >,899.5
273.452,23:26:25.173,010D,1,41 0D 00 41 0D 00 >,0
273.452,23:26:25.436,010C,1,41 0C 0E 39 41 0C 0E 39 >,910.25
274.025,23:26:25.743,010D,1,41 0D 00 41 0D 00 >,0
274.025,23:26:26.007,010C,1,41 0C 0D DF 41 0C 0D F2 >,887.75
274.581,23:26:26.303,010D,1,41 0D 00 41 0D 00 >,0
274.581,23:26:26.581,010C,1,41 0C 0D E9 41 0C 0D FC >,890.25
275.154,23:26:26.875,010D,1,41 0D 00 41 0D 00 >,0
275.154,23:26:27.182,010C,1,41 0C 0E 27 41 0C 0E 27 >,905.75
275.755,23:26:27.476,010D,1,41 0D 00 41 0D 00 >,0
275.755,23:26:27.800,010C,1,41 0C 0E 07 41 0C 0E 07 >,897.75
276.389,23:26:28.110,010D,1,41 0D 00 41 0D 00 >,0
276.389,23:26:28.418,010C,1,41 0C 0E 13 41 0C 0E 13 >,900.75
276.991,23:26:28.711,010D,1,41 0D 00 41 0D 00 >,0
276.991,23:26:29.021,010C,1,41 0C 0D F2 41 0C 0D FB >,892.5
277.593,23:26:29.315,010D,1,41 0D 00 41 0D 00 >,0
277.593,23:26:29.575,010C,1,41 0C 0E 1B 41 0C 0E 07 >,902.75
278.148,23:26:29.869,010D,1,41 0D 00 41 0D 00 >,0
278.148,23:26:30.176,010C,1,41 0C 0E 36 41 0C 0E 36 >,909.5
278.765,23:26:30.529,010D,1,41 0D 00 41 0D 00 >,0
278.765,23:26:30.836,010C,1,41 0C 0E 10 41 0C 0E 10 >,900
279.409,23:26:31.117,010D,1,41 0D 00 41 0D 00 >,0
279.409,23:26:31.426,010C,1,41 0C 0E 22 41 0C 0E 22 >,904.5
279.999,23:26:31.766,010D,1,41 0D 00 41 0D 00 >,0
279.999,23:26:32.072,010C,1,41 0C 0E 2B 41 0C 0E 2B >,906.75
280.645,23:26:32.411,010D,1,41 0D 00 41 0D 00 >,0
280.645,23:26:32.689,010C,1,41 0C 0E 19 41 0C 0E 1E >,902.25
281.277,23:26:33.043,010D,1,41 0D 00 41 0D 00 >,0
281.277,23:26:33.351,010C,1,41 0C 0D EF 41 0C 0D EF >,891.75
281.923,23:26:33.632,010D,1,41 0D 00 41 0D 00 >,0
281.923,23:26:33.955,010C,1,41 0C 0E 2C 41 0C 0E 2C >,907
282.528,23:26:34.295,010D,1,41 0D 00 41 0D 00 >,0
282.528,23:26:34.557,010C,1,41 0C 0E 04 41 0C 0E 0F >,897
283.129,23:26:34.848,010D,1,41 0D 00 41 0D 00 >,0
283.129,23:26:35.126,010C,1,41 0C 0E 1D 41 0C 0E 1D >,903.25
283.715,23:26:35.436,010D,1,41 0D 00 41 0D 00 >,0
283.715,23:26:35.745,010C,1,41 0C 0E 1B 41 0C 0E 1B >,902.75
284.318,23:26:36.072,010D,1,41 0D 00 41 0D 00 >,0
284.318,23:26:36.347,010C,1,41 0C 0E 2C 41 0C 0E 19 >,907
284.920,23:26:36.686,010D,1,41 0D 00 41 0D 00 >,0
284.920,23:26:36.947,010C,1,41 0C 0E 12 41 0C 0E 12 >,900.5
285.519,23:26:37.239,010D,1,41 0D 00 41 0D 00 >,0
285.519,23:26:37.515,010C,1,41 0C 0D F5 41 0C 0D F5 >,893.25
286.104,23:26:37.869,010D,1,41 0D 00 41 0D 00 >,0
286.104,23:26:38.132,010C,1,41 0C 0E 3E 41 0C 0E 3B >,911.5
286.705,23:26:38.456,010D,1,41 0D 00 41 0D 00 >,0
286.705,23:26:38.717,010C,1,41 0C 0D EE 41 0C 0E 14 >,891.5
287.289,23:26:39.010,010D,1,41 0D 00 41 0D 00 >,0
287.289,23:26:39.273,010C,1,41 0C 0E 03 41 0C 0E 03 >,896.75
287.846,23:26:39.613,010D,1,41 0D 00 41 0D 00 >,0
287.846,23:26:39.873,010C,1,41 0C 0E 21 41 0C 0E 21 >,904.25
288.462,23:26:40.213,010D,1,41 0D 00 41 0D 00 >,0
288.462,23:26:40.521,010C,1,41 0C 0E 35 41 0C 0E 35 >,909.25
289.094,23:26:40.815,010D,1,41 0D 00 41 0D 00 >,0
289.094,23:26:41.122,010C,1,41 0C 0E 35 41 0C 0E 37 >,909.25
289.695,23:26:41.461,010D,1,41 0D 00 41 0D 00 >,0
289.695,23:26:41.738,010C,1,41 0C 0E 03 41 0C 0E 04 >,896.75
290.310,23:26:42.032,010D,1,41 0D 00 41 0D 00 >,0
290.310,23:26:42.341,010C,1,41 0C 0E 1A 41 0C 0E 0E >,902.5
290.929,23:26:42.682,010D,1,41 0D 00 41 0D 00 >,0
290.929,23:26:42.990,010C,1,41 0C 0E 04 41 0C 0E 1A >,897
291.562,23:26:43.285,010D,1,41 0D 00 41 0D 00 >,0
291.562,23:26:43.546,010C,1,41 0C 0E 3C 41 0C 0E 28 >,911
292.119,23:26:43.871,010D,1,41 0D 00 41 0D 00 >,0
292.119,23:26:44.180,010C,1,41 0C 0E 27 41 0C 0E 27 >,905.75
292.753,23:26:44.474,010D,1,41 0D 00 41 0D 00 >,0
292.753,23:26:44.753,010C,1,41 0C 0D EE 41 0C 0D EE >,891.5
293.341,23:26:45.061,010D,1,41 0D 00 41 0D 00 >,0
293.341,23:26:45.417,010C,1,41 0C 0E 0D 41 0C 0E 0D >,899.25
294.005,23:26:45.819,010D,1,41 0D 00 41 0D 00 >,0
294.005,23:26:46.191,010C,1,41 0C 0D E5 41 0C 0D E5 >,889.25
294.764,23:26:46.581,010D,1,41 0D 00 41 0D 00 >,0
294.764,23:26:46.981,010C,1,41 0C 0E 11 41 0C 0E 11 >,900.25
295.570,23:26:47.288,010D,1,41 0D 00 41 0D 00 >,0
295.570,23:26:47.565,010C,1,41 0C 0E 1E 41 0C 0E 1E >,903.5
296.138,23:26:47.903,010D,1,41 0D 00 41 0D 00 >,0
296.138,23:26:48.164,010C,1,41 0C 0E 0A 41 0C 0E 11 >,898.5
296.737,23:26:48.456,010D,1,41 0D 00 41 0D 00 >,0
296.737,23:26:48.733,010C,1,41 0C 0E 17 41 0C 0E 17 >,901.75
297.306,23:26:49.027,010D,1,41 0D 00 41 0D 00 >,0
297.306,23:26:49.337,010C,1,41 0C 0D FD 41 0C 0D FD >,895.25
297.925,23:26:49.691,010D,1,41 0D 00 41 0D 00 >,0
297.925,23:26:49.970,010C,1,41 0C 0E 20 41 0C 0E 20 >,904
298.543,23:26:50.262,010D,1,41 0D 00 41 0D 00 >,0
298.543,23:26:50.569,010C,1,41 0C 0E 08 41 0C 0E 08 >,898
299.141,23:26:50.861,010D,1,41 0D 00 41 0D 00 >,0
299.141,23:26:51.171,010C,1,41 0C 0E 17 41 0C 0E 17 >,901.75
299.744,23:26:51.511,010D,1,41 0D 00 41 0D 00 >,0
299.744,23:26:51.819,010C,1,41 0C 0E 12 41 0C 0E 00 >,900.5
300.407,23:26:52.189,010D,1,41 0D 00 41 0D 00 >,0
300.407,23:26:52.590,010C,1,41 0C 0E 0F 41 0C 0E 13 >,899.75
301.162,23:26:52.975,010D,1,41 0D 00 41 0D 00 >,0
301.162,23:26:53.345,010C,1,41 0C 0E 43 41 0C 0E 43 >,912.75
301.918,23:26:53.778,010D,1,41 0D 00 41 0D 00 >,0
301.918,23:26:54.132,010C,1,41 0C 0E 2F 41 0C 0E 25 >,907.75
302.721,23:26:54.455,010D,1,41 0D 00 41 0D 00 >,0
302.721,23:26:54.718,010C,1,41 0C 0E 15 41 0C 0E 15 >,901.25
303.291,23:26:55.011,010D,1,41 0D 00 41 0D 00 >,0
303.291,23:26:55.318,010C,1,41 0C 0E 46 41 0C 0E 46 >,913.5
303.891,23:26:55.657,010D,1,41 0D 00 41 0D 00 >,0
303.891,23:26:55.964,010C,1,41 0C 0E 4F 41 0C 0E 38 >,915.75
304.537,23:26:56.256,010D,1,41 0D 00 41 0D 00 >,0
304.537,23:26:56.534,010C,1,41 0C 0E 13 41 0C 0E 03 >,900.75
305.123,23:26:56.843,010D,1,41 0D 00 41 0D 00 >,0
305.123,23:26:57.151,010C,1,41 0C 0E 01 41 0C 0E 01 >,896.25
305.724,23:26:57.504,010D,1,41 0D 00 41 0D 00 >,0
305.724,23:26:57.812,010C,1,41 0C 0D EB 41 0C 0D EB >,890.75
306.385,23:26:58.107,010D,1,41 0D 00 41 0D 00 >,0
306.385,23:26:58.369,010C,1,41 0C 0E 3F 41 0C 0E 36 >,911.75
306.942,23:26:58.648,010D,1,41 0D 00 41 0D 00 >,0
306.942,23:26:58.973,010C,1,41 0C 0E 14 41 0C 0E 14 >,901
307.561,23:26:59.328,010D,1,41 0D 00 41 0D 00 >,0
307.561,23:26:59.682,010C,1,41 0C 0E 2E 41 0C 0E 22 >,907.5
308.271,23:27:00.084,010D,1,41 0D 00 41 0D 00 >,0
308.271,23:27:00.454,010C,1,41 0C 0E 1F 41 0C 0E 1F >,903.75
309.027,23:27:00.886,010D,1,41 0D 00 41 0D 00 >,0
309.027,23:27:01.240,010C,1,41 0C 0E 13 41 0C 0E 0C >,900.75
309.829,23:27:01.658,010D,1,41 0D 00 41 0D 00 >,0
309.829,23:27:01.966,010C,1,41 0C 0E 05 41 0C 0E 05 >,897.25
310.539,23:27:02.261,010D,1,41 0D 00 41 0D 00 >,0
310.539,23:27:02.568,010C,1,41 0C 0E 05 41 0C 0E 05 >,897.25
311.141,23:27:02.848,010D,1,41 0D 00 41 0D 00 >,0
311.141,23:27:03.128,010C,1,41 0C 0E 38 41 0C 0E 38 >,910
311.701,23:27:03.421,010D,1,41 0D 00 41 0D 00 >,0
311.701,23:27:03.730,010C,1,41 0C 0D F1 41 0C 0E 04 >,892.25
312.318,23:27:04.039,010D,1,41 0D 00 41 0D 00 >,0
312.318,23:27:04.317,010C,1,41 0C 0E 3C 41 0C 0E 3C >,911
312.890,23:27:04.610,010D,1,41 0D 00 41 0D 00 >,0
312.890,23:27:04.874,010C,1,41 0C 0E 0C 41 0C 0E 0C >,899
313.447,23:27:05.214,010D,1,41 0D 00 41 0D 00 >,0
313.447,23:27:05.524,010C,1,41 0C 0E 0D 41 0C 0E 04 >,899.25
314.097,23:27:05.818,010D,1,41 0D 00 41 0D 00 >,0
314.097,23:27:06.095,010C,1,41 0C 0E 19 41 0C 0E 19 >,902.25
314.684,23:27:06.406,010D,1,41 0D 00 41 0D 00 >,0
314.684,23:27:06.714,010C,1,41 0C 0D FB 41 0C 0D EE >,894.75
315.286,23:27:07.006,010D,1,41 0D 00 41 0D 00 >,0
315.286,23:27:07.330,010C,1,41 0C 0E 07 41 0C 0E 0E >,897.75
315.917,23:27:07.682,010D,1,41 0D 00 41 0D 00 >,0
315.917,23:27:07.990,010C,1,41 0C 0E 29 41 0C 0E 29 >,906.25
316.563,23:27:08.281,010D,1,41 0D 00 41 0D 00 >,0
316.563,23:27:08.590,010C,1,41 0C 0E 17 41 0C 0E 17 >,901.75
317.178,23:27:08.897,010D,1,41 0D 00 41 0D 00 >,0
317.178,23:27:09.208,010C,1,41 0C 0E 36 41 0C 0E 32 >,909.5
317.781,23:27:09.501,010D,1,41 0D 00 41 0D 00 >,0
317.781,23:27:09.810,010C,1,41 0C 0E 29 41 0C 0E 29 >,906.25
318.383,23:27:10.088,010D,1,41 0D 00 41 0D 00 >,0
318.383,23:27:10.351,010C,1,41 0C 0E 05 41 0C 0E 09 >,897.25
318.924,23:27:10.630,010D,1,41 0D 00 41 0D 00 >,0
318.924,23:27:10.907,010C,1,41 0C 0E 03 41 0C 0D ED >,896.75
319.496,23:27:11.218,010D,1,41 0D 00 41 0D 00 >,0
319.496,23:27:11.527,010C,1,41 0C 0E 0E 41 0C 0E 00 >,899.5
320.100,23:27:11.913,010D,1,41 0D 00 41 0D 00 >,0
320.100,23:27:12.283,010C,1,41 0C 0E 28 41 0C 0E 1C >,906
320.856,23:27:12.672,010D,1,41 0D 00 41 0D 00 >,0
320.856,23:27:12.982,010C,1,41 0C 0E 0A 41 0C 0E 0A >,898.5
321.570,23:27:13.383,010D,1,41 0D 00 41 0D 00 >,0
321.570,23:27:13.753,010C,1,41 0C 0D F4 41 0C 0D F4 >,893
322.326,23:27:14.092,010D,1,41 0D 00 41 0D 00 >,0
322.326,23:27:14.402,010C,1,41 0C 0E 01 41 0C 0E 01 >,896.25
322.976,23:27:14.696,010D,1,41 0D 00 41 0D 00 >,0
322.976,23:27:14.957,010C,1,41 0C 0E 20 41 0C 0E 05 >,904
323.531,23:27:15.296,010D,1,41 0D 00 41 0D 00 >,0
323.531,23:27:15.558,010C,1,41 0C 0E 11 41 0C 0E 14 >,900.25
324.146,23:27:15.866,010D,1,41 0D 00 41 0D 00 >,0
324.146,23:27:16.190,010C,1,41 0C 0D EE 41 0C 0D E5 >,891.5
324.763,23:27:16.483,010D,1,41 0D 00 41 0D 00 >,0
324.763,23:27:16.746,010C,1,41 0C 0E 21 41 0C 0E 21 >,904.25
325.319,23:27:17.040,010D,1,41 0D 00 41 0D 00 >,0
325.319,23:27:17.303,010C,1,41 0C 0E 1D 41 0C 0E 1D >,903.25
325.891,23:27:17.674,010D,1,41 0D 00 41 0D 00 >,0
325.891,23:27:18.073,010C,1,41 0C 0E 00 41 0C 0D EF >,896
326.661,23:27:18.475,010D,1,41 0D 00 41 0D 00 >,0
326.661,23:27:18.845,010C,1,41 0C 0E 11 41 0C 0E 11 >,900.25
327.418,23:27:19.230,010D,1,41 0D 00 41 0D 00 >,0
327.418,23:27:19.538,010C,1,41 0C 0E 16 41 0C 0E 14 >,901.5
328.111,23:27:19.846,010D,1,41 0D 00 41 0D 00 >,0
328.111,23:27:20.155,010C,1,41 0C 0D FA 41 0C 0E 00 >,894.5
328.743,23:27:20.510,010D,1,41 0D 00 41 0D 00 >,0
328.743,23:27:20.772,010C,1,41 0C 0D FD 41 0C 0D FD >,895.25
329.344,23:27:21.065,010D,1,41 0D 00 41 0D 00 >,0
329.344,23:27:21.377,010C,1,41 0C 0E 17 41 0C 0E 17 >,901.75
329.949,23:27:21.761,010D,1,41 0D 00 41 0D 00 >,0
329.949,23:27:22.071,010C,1,41 0C 0D F4 41 0C 0D F4 >,893
330.644,23:27:22.365,010D,1,41 0D 00 41 0D 00 >,0
330.644,23:27:22.707,010C,1,41 0C 0E 05 41 0C 0E 05 >,897.25
331.296,23:27:23.064,010D,1,41 0D 00 41 0D 00 >,0
331.296,23:27:23.327,010C,1,41 0C 0E 25 41 0C 0E 0F >,905.25
331.900,23:27:23.712,010D,1,41 0D 00 41 0D 00 >,0
331.900,23:27:24.081,010C,1,41 0C 0E 09 41 0C 0E 21 >,898.25
332.654,23:27:24.512,010D,1,41 0D 00 41 0D 00 >,0
332.654,23:27:24.866,010C,1,41 0C 0E 1F 41 0C 0E 1A >,903.75
333.454,23:27:25.267,010D,1,41 0D 00 41 0D 00 >,0
333.454,23:27:25.668,010C,1,41 0C 0E 0E 41 0C 0E 0E >,899.5
334.241,23:27:26.053,010D,1,41 0D 00 41 0D 00 >,0
334.241,23:27:26.422,010C,1,41 0C 0D F4 41 0C 0E 13 >,893
334.995,23:27:26.808,010D,1,41 0D 00 41 0D 00 >,0
334.995,23:27:27.117,010C,1,41 0C 0D F5 41 0C 0D F5 >,893.25
335.705,23:27:27.426,010D,1,41 0D 00 41 0D 00 >,0
335.705,23:27:27.705,010C,1,41 0C 0E 28 41 0C 0E 28 >,906
336.277,23:27:28.044,010D,1,41 0D 00 41 0D 00 >,0
336.277,23:27:28.353,010C,1,41 0C 0E 01 41 0C 0E 01 >,896.25
336.927,23:27:28.648,010D,1,41 0D 00 41 0D 00 >,0
336.927,23:27:28.926,010C,1,41 0C 0E 12 41 0C 0E 13 >,900.5
337.499,23:27:29.220,010D,1,41 0D 00 41 0D 00 >,0
337.499,23:27:29.528,010C,1,41 0C 0E 18 41 0C 0E 18 >,902
338.117,23:27:29.883,010D,1,41 0D 00 41 0D 00 >,0
338.117,23:27:30.192,010C,1,41 0C 0E 2E 41 0C 0E 33 >,907.5
338.780,23:27:30.501,010D,1,41 0D 00 41 0D 00 >,0
338.780,23:27:30.765,010C,1,41 0C 0E 1F 41 0C 0E 1F >,903.75
339.338,23:27:31.044,010D,1,41 0D 00 41 0D 00 >,0
339.338,23:27:31.355,010C,1,41 0C 0E 08 41 0C 0E 08 >,898
339.928,23:27:31.696,010D,1,41 0D 00 41 0D 00 >,0
339.928,23:27:32.020,010C,1,41 0C 0E 1E 41 0C 0E 1E >,903.5
340.608,23:27:32.376,010D,1,41 0D 00 41 0D 00 >,0
340.608,23:27:32.639,010C,1,41 0C 0E 37 41 0C 0E 37 >,909.75
341.212,23:27:32.932,010D,1,41 0D 00 41 0D 00 >,0
341.212,23:27:33.241,010C,1,41 0C 0E 22 41 0C 0E 22 >,904.5
341.814,23:27:33.550,010D,1,41 0D 00 41 0D 00 >,0
341.814,23:27:33.859,010C,1,41 0C 0E 33 41 0C 0E 29 >,908.75
342.432,23:27:34.186,010D,1,41 0D 00 41 0D 00 >,0
342.432,23:27:34.495,010C,1,41 0C 0E 2F 41 0C 0E 1A >,907.75
343.084,23:27:34.805,010D,1,41 0D 00 41 0D 00 >,0
343.084,23:27:35.070,010C,1,41 0C 0E 18 41 0C 0E 0C >,902
343.658,23:27:35.441,010D,1,41 0D 00 41 0D 00 >,0
343.658,23:27:35.796,010C,1,41 0C 0E 1F 41 0C 0E 1F >,903.75
344.369,23:27:36.229,010D,1,41 0D 00 41 0D 00 >,0
344.369,23:27:36.585,010C,1,41 0C 0E 31 41 0C 0E 22 >,908.25
345.175,23:27:37.003,010D,1,41 0D 00 41 0D 00 >,0
345.175,23:27:37.359,010C,1,41 0C 0E 06 41 0C 0E 06 >,897.5
345.931,23:27:37.744,010D,1,41 0D 00 41 0D 00 >,0
345.931,23:27:38.010,010C,1,41 0C 0E 24 41 0C 0E 23 >,905
346.583,23:27:38.304,010D,1,41 0D 00 41 0D 00 >,0
346.583,23:27:38.628,010C,1,41 0C 0E 2C 41 0C 0E 2C >,907
347.216,23:27:38.984,010D,1,41 0D 00 41 0D 00 >,0
347.216,23:27:39.293,010C,1,41 0C 0E 04 41 0C 0E 07 >,897
347.866,23:27:39.587,010D,1,41 0D 00 41 0D 00 >,0
347.866,23:27:39.849,010C,1,41 0C 0D FE 41 0C 0D FE >,895.5
348.422,23:27:40.144,010D,1,41 0D 00 41 0D 00 >,0
348.422,23:27:40.453,010C,1,41 0C 0E 3E 41 0C 0E 3E >,911.5
349.026,23:27:40.747,010D,1,41 0D 00 41 0D 00 >,0
349.026,23:27:41.057,010C,1,41 0C 0E 15 41 0C 0E 15 >,901.25
349.645,23:27:41.366,010D,1,41 0D 00 41 0D 00 >,0
349.645,23:27:41.644,010C,1,41 0C 0E 28 41 0C 0E 08 >,906
350.217,23:27:41.939,010D,1,41 0D 00 41 0D 00 >,0
350.217,23:27:42.249,010C,1,41 0C 0E 10 41 0C 0E 2B >,900
350.836,23:27:42.588,010D,1,41 0D 00 41 0D 00 >,0
350.836,23:27:42.852,010C,1,41 0C 0E 32 41 0C 0E 32 >,908.5
351.426,23:27:43.194,010D,1,41 0D 00 41 0D 00 >,0
351.426,23:27:43.472,010C,1,41 0C 0E 30 41 0C 0E 25 >,908
352.060,23:27:43.782,010D,1,41 0D 00 41 0D 00 >,0
352.060,23:27:44.093,010C,1,41 0C 0E 21 41 0C 0E 21 >,904.25
352.666,23:27:44.419,010D,1,41 0D 00 41 0D 00 >,0
352.666,23:27:44.730,010C,1,41 0C 0D DC 41 0C 0D D6 >,887
353.303,23:27:45.010,010D,1,41 0D 00 41 0D 00 >,0
353.303,23:27:45.274,010C,1,41 0C 0E 0A 41 0C 0E 25 >,898.5
353.847,23:27:45.600,010D,1,41 0D 00 41 0D 00 >,0
353.847,23:27:45.878,010C,1,41 0C 0E 28 41 0C 0E 17 >,906
354.466,23:27:46.327,010D,1,41 0D 00 41 0D 00 >,0
354.466,23:27:46.730,010C,1,41 0C 0E 2C 41 0C 0E 1A >,907
355.318,23:27:47.086,010D,1,41 0D 00 41 0D 00 >,0
355.318,23:27:47.489,010C,1,41 0C 0E 33 41 0C 0E 19 >,908.75
356.062,23:27:47.875,010D,1,41 0D 00 41 0D 00 >,0
356.062,23:27:48.276,010C,1,41 0C 0D FD 41 0C 0D FD >,895.25
356.865,23:27:48.633,010D,1,41 0D 00 41 0D 00 >,0
356.865,23:27:48.910,010C,1,41 0C 0E 0A 41 0C 0E 16 >,898.5
357.483,23:27:49.203,010D,1,41 0D 00 41 0D 00 >,0
357.483,23:27:49.466,010C,1,41 0C 0E 0E 41 0C 0E 0A >,899.5
358.039,23:27:49.759,010D,1,41 0D 00 41 0D 00 >,0
358.039,23:27:50.070,010C,1,41 0C 0E 10 41 0C 0E 0F >,900
358.658,23:27:50.380,010D,1,41 0D 00 41 0D 00 >,0
358.658,23:27:50.657,010C,1,41 0C 0E 21 41 0C 0E 1B >,904.25
359.246,23:27:50.966,010D,1,41 0D 00 41 0D 00 >,0
359.246,23:27:51.275,010C,1,41 0C 0E 1E 41 0C 0E 1A >,903.5
359.848,23:27:51.599,010D,1,41 0D 00 41 0D 00 >,0
359.848,23:27:51.878,010C,1,41 0C 0E 22 41 0C 0E 1E >,904.5
360.450,23:27:52.172,010D,1,41 0D 00 41 0D 00 >,0
360.450,23:27:52.482,010C,1,41 0C 0E 17 41 0C 0E 0E >,901.75
361.055,23:27:52.777,010D,1,41 0D 00 41 0D 00 >,0
361.055,23:27:53.085,010C,1,41 0C 0E 23 41 0C 0E 23 >,904.75
361.673,23:27:53.426,010D,1,41 0D 00 41 0D 00 >,0
361.673,23:27:53.752,010C,1,41 0C 0E 22 41 0C 0E 22 >,904.5
362.325,23:27:54.049,010D,1,41 0D 00 41 0D 00 >,0
362.325,23:27:54.313,010C,1,41 0C 0E 18 41 0C 0E 18 >,902
362.885,23:27:54.606,010D,1,41 0D 00 41 0D 00 >,0
362.885,23:27:54.963,010C,1,41 0C 0E 20 41 0C 0E 31 >,904
363.536,23:27:55.351,010D,1,41 0D 00 41 0D 00 >,0
363.536,23:27:55.708,010C,1,41 0C 0E 03 41 0C 0E 0D >,896.75
364.296,23:27:56.112,010D,1,41 0D 00 41 0D 00 >,0
364.296,23:27:56.513,010C,1,41 0C 0D D1 41 0C 0D D1 >,884.25
365.086,23:27:56.885,010D,1,41 0D 00 41 0D 00 >,0
365.086,23:27:57.194,010C,1,41 0C 0E 27 41 0C 0E 2D >,905.75
365.767,23:27:57.473,010D,1,41 0D 00 41 0D 00 >,0
365.767,23:27:57.751,010C,1,41 0C 0E 1D 41 0C 0E 25 >,903.25
366.339,23:27:58.092,010D,1,41 0D 00 41 0D 00 >,0
366.339,23:27:58.401,010C,1,41 0C 0D FD 41 0C 0E 12 >,895.25
366.974,23:27:58.724,010D,1,41 0D 00 41 0D 00 >,0
366.974,23:27:59.003,010C,1,41 0C 0E 12 41 0C 0E 0D >,900.5
367.576,23:27:59.327,010D,1,41 0D 00 41 0D 00 >,0
367.576,23:27:59.636,010C,1,41 0C 0E 2F 41 0C 0E 2F >,907.75
368.209,23:27:59.960,010D,1,41 0D 00 41 0D 00 >,0
368.209,23:28:00.238,010C,1,41 0C 0E 05 41 0C 0D F2 >,897.25
